[www.roblox.com/Login.html]
[backblue.gif]
[fade.gif]
[index.html]
[images.rbxcdn.com/905bd722ee0a6ceda3caacde54c0b081.png]
[www.roblox.com/js/utilities/bundleVerifier3654.js]
[css.rbxcdn.com/b5d737616c2a4119dbd9bf7c1bf0171ba25808db4277360f2ccb8f548ec6812c-FoundationCss.css]
[css.rbxcdn.com/c01f541c73f530d01262962e8290884bdd1d1d823c031a984d166d7afffc0722-ReactStyleGuide.css]
[css.rbxcdn.com/d2eaca6faaaa8d6fa2d157344f4ab73259728ecda54ed1cc6f2d7362a77b5983-StyleGuide.css]
[css.rbxcdn.com/ef552f4ac70dd3209c70b94a377f66e3828905b9672bb67c661122403a6d15b7-Builder.css]
[css.rbxcdn.com/04f1210583fa8e85a56204ea2442012e57addf09809ab10e9934fa490d56ee49-Thumbnails.css]
[css.rbxcdn.com/425750fcea32cbd87363ee2d46539a13eee157b6c0b565dbe4389b416614f269-EmailVerifyCodeModal.css]
[css.rbxcdn.com/e9bab14645914eae536d29cfe9648ccac27abf9abf6e602c9480cd3ed7d127f4-Challenge.css]
[css.rbxcdn.com/f77e16b9fa5823882aaa0cdabade9706b9ba2b7e050d23d2831da138a58e5f7f-VerificationUpsell.css]
[css.rbxcdn.com/0704f0124b6c271ad6dfc296f9805b5f240b99a58479b04052d6c929f4647942-AccountSwitcher.css]
[css.rbxcdn.com/db825d8aa3dad8b15b22dd2a495ab099711d48c8a8303d0f402fc51476850c7c-SearchLandingPage.css]
[css.rbxcdn.com/7dfc7837b5da6850e13413c630b37da7e88aeb610ca2c7d4e8b71b02cbdc6ba6.css]
[css.rbxcdn.com/7a1355e483105a520689f4b70ac65de66a469fb955821bccdd0e76467fa62fcf-Navigation.css]
[css.rbxcdn.com/0f638d9cad3d450dec6771c2db09c9e8954b25b6ef84423d94f291b6c480471f-CookieBannerV3.css]
[css.rbxcdn.com/d0015d0fd7893c94a935e228b4ca3f79eece7593ab080cc2cdfdbc5d278b44b4-Footer.css]
[www.roblox.com/login-2.html]
[www.roblox.com/de/login.html]
[www.roblox.com/es/login.html]
[www.roblox.com/fr/login.html]
[www.roblox.com/id/login.html]
[www.roblox.com/it/login.html]
[www.roblox.com/ja/login.html]
[www.roblox.com/ko/login.html]
[www.roblox.com/pl/login.html]
[www.roblox.com/pt/login.html]
[www.roblox.com/th/login.html]
[www.roblox.com/tr/login.html]
[www.roblox.com/vi/login.html]
[www.roblox.com/ar/login.html]
[www.roblox.com/hi/login.html]
[css.rbxcdn.com/2152a305a6a0a3d5a56e402aa4e3e9db865ff7bfa813e7b7ad780bf9876b5cc4-AccessManagementUpsellV2.css]
[css.rbxcdn.com/07d73a0fe62fadd30d32d50e667e7d6b62ca192cd258a1c3340cb262de401d72.css]
[css.rbxcdn.com/65a98f51e494ef823bbcdccfd97ba50d15193236fe88f1edccb9ab3383c51b37-AccountSelector.css]
[css.rbxcdn.com/bc960ab1460ffb77f7d3e4cfd68381d1ee9ed8e96a02991524ee01d72532d365-Captcha.css]
[css.rbxcdn.com/16b92a3de16d33e0105f44992487b8e2e7ea9533de87bac5973caff3abd83a68-ReactLogin.css]
[css.rbxcdn.com/3c4bd9b17b9020d9ebc87d4542a68a949a9de6150a55a92f0e65514520ee777e-ItemPurchaseUpsell.css]
[css.rbxcdn.com/344ef49ef21d7c83c962928f052ca934f16efd9d21d8ce7709a8b72cf1461266-ItemPurchase.css]
[css.rbxcdn.com/37b5bc69ed67ee094c95e908d68d809c55c28ab8f34ed714a7541f1f5eeacfa6-IdVerification.css]
[css.rbxcdn.com/4806bac3d36a384ebcf7cd0da6c34786b66ca961cc084daee7995125cc08b7f1-GameLaunch.css]
[js.rbxcdn.com/fc8e6f9e95e50f6da80942bd29d57886659233629d8caf66ac456117953186c6-EnvironmentUrls.js]
[js.rbxcdn.com/0496306d944faeb488779bad1af0738e.js]
[js.rbxcdn.com/5c8a2ba3737908f693394045e81ebd71c77cde6f87550ea51f7833e8c98200ae.js]
[js.rbxcdn.com/2f0fd0c2760ff1898187af6df3b764f4b08f77a315d0a33654f105f61b0ea6d0.js]
[js.rbxcdn.com/69792ba68738c4df0266885d6e3f59a121c1a727d1399b3fb83590023892b9b7-HeaderScripts.js]
[js.rbxcdn.com/1c20c0f26166289e9aed14bcd31b854b9184f0da61c97197aa90314c599ebada-Theme.js]
[roblox.com/js/hsts30f4.js]
[js.rbxcdn.com/1d87d1231072878a0f6164e84b8cfa6f90a1b31b18ba5d8f410b947d4b029fe8.js]
[www.roblox.com/charts.html]
[www.roblox.com/catalog.html]
[js.rbxcdn.com/098e80c8e9f4dad5295663f4a79f9a64.js]
[images.rbxcdn.com/4bed93c91f909002b1f17f05c0ce13d1.gif]
[js.rbxcdn.com/4bae454bf5dab3028073fea1e91b6f19.js]
[js.rbxcdn.com/f3a217cc73f72b82894dc26c4057369ae7a26d8b60e579dc807fc1963ff91598-InternationalCore.js]
[js.rbxcdn.com/4d2c3582a51f181b1d85fcc080513179bebd9bbde79534e1803bb0bf69132445-TranslationResources.js]
[js.rbxcdn.com/3549e188c34f5a2d6fd6ff275813b3bc.js]
[js.rbxcdn.com/bfb3e7a7efed2f8ba4d12dc9fdb70dce1ff97ee13e988833a8638cf3ed8fd7f8.js]
[js.rbxcdn.com/8aae1ec6913dbfdd4817d4753753d124eac33ae009949d05c347ba809ae2e11a-RealTime.js]
[js.rbxcdn.com/c12384c48770c4af46c489ca4c8bd8c4524d2d3ee51cde33ff15dd8014762f57-CoreUtilities.js]
[js.rbxcdn.com/b1eec88f581c575b721433689f5e4e1b5b47ec1df1bfbe5595660480ba2b104c-React.js]
[js.rbxcdn.com/c2842bfcd97e55a576b1e191a6db391103a029714ef58c8932cd301be2bede05-WebBlox.js]
[js.rbxcdn.com/95f8bb82135ec3f4173f3194002ad0d239b3384622912fa4a7e93e506c0ab6e1-ReactUtilities.js]
[js.rbxcdn.com/59e33e660d43722b733768bb6e14e9cb8a4a8c76237d0c584d563ac9e1f98886-ReactStyleGuide.js]
[js.rbxcdn.com/c80dc4bf840fea0c8db99c8b3cdd9c1e048fabd7f26fc487e18fd53203cee831-Sentry.js]
[js.rbxcdn.com/f237746d0aea12de9860040043f8d9bee7dab0baf4a87bb6fc87de6d160c4000.js]
[js.rbxcdn.com/3756ad214dde52cb58a1300177547475.js]
[js.rbxcdn.com/e3ee1d26df4ed304eedf103641f389dcfe507d24f0aa079d366824f187f14ffa-AngularJsUtilities.js]
[js.rbxcdn.com/47aa20a4d7ec095fabb9db116c99c5c798b2fa37161a5f59a340cb352279596f.js]
[js.rbxcdn.com/5410a09d2d036fa57f80f267bdf7b429ae7a73296dc316c87ceec784d08b0a92-Thumbnails.js]
[js.rbxcdn.com/932cd731257164fc9eba426e6b3c5c8d08469faafc68ceb51f979f331807631d-PresenceStatus.js]
[js.rbxcdn.com/7f4c2753c55dc89d4c9bf2dbfbf34e224194f6255457c0bd8c8c1ed0e6350f3a.js]
[js.rbxcdn.com/215fe9b0fe92491f665645f65f57db6668d716af72e02465db259b715f061118.js]
[js.rbxcdn.com/8e79851738baf4a99514ce726568faa52a0155d6298e0ed7521a210bde79c688-CaptchaCore.js]
[js.rbxcdn.com/5b3170c956b0c87ade14d298bcf45d0bae3991c1b427b7e1624bf94e488792c0-EmailVerifyCodeModal.js]
[js.rbxcdn.com/f55451afd06a52e3b61b25b4609b61567bca82c3d220ba06bb13b0c064f9d4c7.js]
[js.rbxcdn.com/cfcd81415cfff6b93a5e4b3af0fc378467122eb075bc63b1934c6136ae6cf8ac.js]
[js.rbxcdn.com/d26189a1b42501b193b82f2afdf28f4fa59dd41640693a8400260506a9c7064b-Challenge.js]
[js.rbxcdn.com/37e403d2aa6bd395faab8904f1be6844e5ca2a04f22db4581f6f586f97502094.js]
[js.rbxcdn.com/993eb6cb9b2ed18baadeca1088086e99ede5c9877cb7fe9700e0c6854bfeefe0.js]
[js.rbxcdn.com/e7e3731285889059db29156a67cd4e5358a2dbf2102a88f49403c524cab2ba91.js]
[js.rbxcdn.com/730fcbf0eba6dd82de9b0029e157627f023e6f448059c5b4c6a4f356222b3ac0.js]
[js.rbxcdn.com/94a14bf31ad0a75d3878f6772e6d5a251e7da9b64894e2176a07f65f4d79d8a3.js]
[js.rbxcdn.com/e8589b4de7e49cffa448d5ced862119339a4a366e7a9df35b7e886b68b3f9453.js]
[js.rbxcdn.com/b41227fe1ecc1f4409f2e33f02d4d968f6d6389349d2221f481ff3b34e01a257.js]
[js.rbxcdn.com/88bacf62dae20f1d352d30afbd3df4c64ba7a24c551c6ee02152719cfb11b830.js]
[js.rbxcdn.com/2da1b676b979a60ce3b9471d919f53c6523c606f10e6ba75fa3c168945b8455a.js]
[js.rbxcdn.com/264d4bed21a614e8a15806c5d97af0aa92f26a99f5bf89b2e94cd705728b9f1f.js]
[js.rbxcdn.com/e92d027c197738388b36f7a8164dd7bdfc61a638ac1acaeb577a92fb77a98857.js]
[js.rbxcdn.com/5fbd8389fb24177a5be64285e12645c445dee91f0a686d5bed5865f0e009d387.js]
[js.rbxcdn.com/0fe97bffcb328f446dd0f247d2d42e740d354ef70bd54b9371ece139569a5e72.js]
[js.rbxcdn.com/44ff0f2cc820b734456e36bcd3528a30460f0576ff6ff17478b2d84824b64abd.js]
[js.rbxcdn.com/3fec2c529efef400a78a26a5c0a2d33e3e7ec0a13971616a31cd958214c71e37.js]
[js.rbxcdn.com/ea02dd03dee8d01ac1d70c79d1a67cd19f1a2cee81b5796e32ae0102917d8992-VerificationUpsell.js]
[js.rbxcdn.com/b83b0d0795c637d354a2cd0bc4237a6a20c17cce09fe9f7bb7311e80c6456471.js]
[js.rbxcdn.com/44bebfc426558f80944430181923d3b1e788125f0d2710f4f552bf899017e595.js]
[js.rbxcdn.com/c4b0a446b38285f3db5472340f4ef27d737c87b78348e36dc7acbcfec89d70bf.js]
[js.rbxcdn.com/0f91ae7a3efbb94ac1888931d53d6309fc65812b5a64b240c4861d9ab48011e1.js]
[js.rbxcdn.com/ebc57f8a4aabceab9f38dda880bf11c04f2c92f441e535f0bcaa21b294736e65.js]
[js.rbxcdn.com/0b0a579affaba7e35d01943f279473e1f29ccf2203625397d4fa85d57b787d7f.js]
[js.rbxcdn.com/9be42ea29239ed7bafa686796c7bdafcdeea5ef042f869f5b0f6d2dc3841f3dc-AccountSwitcher.js]
[js.rbxcdn.com/63dacb1fad541c7c50a937cbab11cd0858b78187acc6c0af105381aa406e7147.js]
[js.rbxcdn.com/8bb519e5ff19cfc45bbf0fb7bfcf333106922bf91abce540c3ff310336604cda.js]
[js.rbxcdn.com/cd456bb506f1b0b06a2eb645ca018d367185ca84725ec00d524e35ce431f4a8c.js]
[js.rbxcdn.com/49c4f94edd37da0195c6a92fe5821990bab819cc400e0d23ec5126bf697ca12d-SearchLandingPage.js]
[js.rbxcdn.com/babce206b492515143d22e96c7508c6c11b2f1298a66f5d98b0b2c567c005962.js]
[js.rbxcdn.com/05355f4f42e31d8469852179b730ec7f252467eb07a3139c9f3c2551f378bb9c.js]
[js.rbxcdn.com/83776f65304d6872347a51aa7d3dfad4be6f605dba84ba3f1b403370b35356e3-Navigation.js]
[js.rbxcdn.com/6d0691ef28f81e89001d5aaf49fcc4123261046af9aafa9b6368c04aae0bcd98.js]
[js.rbxcdn.com/ca68c294e507a2c30cec80cb627afa0a5f1afed373425add538c6c0289a6d9ad.js]
[js.rbxcdn.com/d3b821219ca935c708f781ace0c619de2a5844c4b8373127d128eddc2fbfa536.js]
[js.rbxcdn.com/3e545d98e98d8a8a188a4ef6ce70138b165954d7b45c0c0e54a5cf23ad0cc12b.js]
[js.rbxcdn.com/5b4d2974640af2d875cc0e4a6c40f515e8ad343b0525513f03d93c35bcf9d7d7.js]
[js.rbxcdn.com/d08d158abc518cb130efa2f22312f0d9403a162652288490e6e203c7a8a90373.js]
[js.rbxcdn.com/acb69086253120ce7945704ce42a0b684c9171ed587de439e2c0f9479fd4ad51.js]
[js.rbxcdn.com/13b3b0cf97cfb5da4538eb0c59f252188b4f724f9328c264a58d24a714e41fe5.js]
[js.rbxcdn.com/537d3ec6e2cbc418604174fc9628078ed3fd4adc40e41637bc716c735a60677a.js]
[js.rbxcdn.com/e171b6008ca0199b35099c1bf14e13b50d48456d5f4db1208a2421ef55e11de0.js]
[js.rbxcdn.com/1f5c50ba918a5773a2e4a0308683747225b446c67f5089282954865c0e0f76a6.js]
[js.rbxcdn.com/6efd47a39e24d8d15d1718b2bff6a0c2.js]
[js.rbxcdn.com/a798702325aae23c397f02e869706168d1cf683f7585efc080655d157611cf9c-StyleGuide.js]
[js.rbxcdn.com/0c81cd2082f742a1d2172f1a7577718f98acb633bf60d77623e2763a7b12100c-Builder.js]
[js.rbxcdn.com/afb4ccdf2bd35f548be38a0f6f713688c247878f36577967dd380b0931d2850c-CookieBannerV3.js]
[js.rbxcdn.com/d867bf1ff8bfaa4f2c1404f01fcf20c2ddb11f8e8255c16b73e5173cc31a39b1-Footer.js]
[js.rbxcdn.com/cbae3669084e2a46b6f7730f4ec3e09af389fc747b2affe7e5173e463227ab4b.js]
[js.rbxcdn.com/7043536ec0248f489b68b5e62dd3336f6962fb50d18a65b766453a206a772d4f.js]
[js.rbxcdn.com/508e2878b0aae98210ae53eabb979dce45769162c814239b5444736d9b25dfc2-AccessManagementUpsellV2.js]
[js.rbxcdn.com/5c7d73b31182161484106be3dd2a04b74eba15dc051cc19a327dfb4cfb679cda.js]
[js.rbxcdn.com/55f810001c11fe2374496d608b918afc2efbb8910b336f0916c49eb97270f3bc.js]
[js.rbxcdn.com/b9796ea7983f6d73db40cdbbb06c1b6e2011c9958e67ecd9e4e02ba266800954.js]
[js.rbxcdn.com/458e4db7e6e243b2dc68967195eefe76d8329aa041cc0144cc28962e7ee3ea60.js]
[js.rbxcdn.com/4df6ec52559e1c250d3f2e8286e1ffca9f33998dcddcfaf096a4bcd364bbf808.js]
[js.rbxcdn.com/82a962b53d9852eb1628c0f6e9e0afb209f9e780a169a449cf73ce9248ed2006.js]
[js.rbxcdn.com/d2103009f17303199e698315acec635d3ebd96fb6072fa9804cd14c6fef0914d.js]
[js.rbxcdn.com/1d188797828675267abfc504fc6d79af43f9348e7f25bced1b89b6c2c3888a6d.js]
[js.rbxcdn.com/ef0d5bf50bd1c7c225e07156087085a29bb9b23ee09368dee2338a64fe9a7745.js]
[js.rbxcdn.com/a504a4fe7bb5befdf84b023efc0a9a084a2da478feb98c8889035db3225c65f5.js]
[js.rbxcdn.com/98d87b17b72853c32ccad8f71f741fd7cd1c39eeaeb3365d2aabf571cc52895d.js]
[js.rbxcdn.com/ef10015766354e5b084f467090ada6298a546a29545546c8a0daf503c3e6a86c-AccountSelector.js]
[js.rbxcdn.com/b604dac29d89b56aef30844f099c5640c2f1870a97a06f4e692208d24097f9ed-Captcha.js]
[js.rbxcdn.com/0056022aadda7fc97ab043ed4f014c54aa31c5b13aa2d33840a736db2bc286b4.js]
[js.rbxcdn.com/9dbd7eb5dfec0dbde4d8354fd560294bb7e34aa6ceed1e5ec80497c0134466cd.js]
[js.rbxcdn.com/1ba5b97e21688656a763b61fa983ac2772035ad8e56ffac1e297635a916266d6-ReactLogin.js]
[js.rbxcdn.com/686bd55707be42af370b81d2f36f55b6e10c56edb105502b3f9f0a34f7412bf5.js]
[js.rbxcdn.com/5f2ee2913bf919a8576bbe4120a6d41b933e814a4779a0a3fc1d9d941c5ee368.js]
[js.rbxcdn.com/e63c728cbb3b8b19183c6444acda3e8f09b2009689025aab54ef54330352aede-ItemPurchaseUpsell.js]
[js.rbxcdn.com/93b87ee7ac50dd94377a95fab2382fbaca3d96d15d5de6a567536c7ce17f5ced.js]
[js.rbxcdn.com/781f90cada34ac16dd871a54ca9d5fa888cae3bb7e5e54efc5613766f28090f5.js]
[js.rbxcdn.com/c8ac397606b8d4dfab9ea0d9af928273fcc51341a741b50ee831308aaed3517b-ItemDetailsHydrationService.js]
[js.rbxcdn.com/83b2d43f7b602baff53f0b4275445b5af437137bf4e8d090d4badf5aafa33856-ItemPurchase.js]
[js.rbxcdn.com/54c13aaea011e94d285d4171277dbaa0a2ec1bf763b408d71f2adc7f72bad919.js]
[js.rbxcdn.com/0f75a173261ace474005809f5a4f985eb1f6974dd0a74683bb734a4f837f768d.js]
[js.rbxcdn.com/6d0743dbab0070921c5bb3eff46802cead3a6881479fd3c902639ffba397d5f3-IdVerification.js]
[js.rbxcdn.com/4e3e9c2f50f98960207aef1cc243c85914cda72e2c1f78ea66f35f61096e2c8a-AccessManagementUpsell.js]
[js.rbxcdn.com/3d5169a57bb066f5b284e65848e03e728fb46c1df8975b1ab6a308d520661bb3-GameLaunch.js]
[js.rbxcdn.com/05d12625796c6d84da8e1cc838d2da4522e003852ea7a5c86be81ee9d037e20b.js]
[js.rbxcdn.com/5d2b10e51dd6cc2329604087e74e8eeb57c37024d75e0be8c47eca40e741a269.js]
[js.rbxcdn.com/18a39f1adad50fcd69442f5ddd58c68c80ee0ff59fadc808ffda3195ceb492a8.js]
[js.rbxcdn.com/64daef195122aa9c881d456010e7b98d698b1c6b1aaba58c81abc27da0db8fed.js]
[www.roblox.com/Login.html]
[css.rbxcdn.com/b5d737616c2a4119dbd9bf7c1bf0171ba25808db4277360f2ccb8f548ec6812c-FoundationCss.css]
[css.rbxcdn.com/c01f541c73f530d01262962e8290884bdd1d1d823c031a984d166d7afffc0722-ReactStyleGuide.css]
[css.rbxcdn.com/d2eaca6faaaa8d6fa2d157344f4ab73259728ecda54ed1cc6f2d7362a77b5983-StyleGuide.css]
[js.rbxcdn.com/61bf868b2dc36f41aab4e46afcc01055.js]
[css.rbxcdn.com/751845fb13435230.woff2]
[css.rbxcdn.com/ef552f4ac70dd3209c70b94a377f66e3828905b9672bb67c661122403a6d15b7-Builder.css]
[css.rbxcdn.com/04f1210583fa8e85a56204ea2442012e57addf09809ab10e9934fa490d56ee49-Thumbnails.css]
[css.rbxcdn.com/b8f8f15a57a66e73469ae72eea7d8905346afa78b9f2397627cd099f7dcc779a-CaptchaCore.css]
[css.rbxcdn.com/425750fcea32cbd87363ee2d46539a13eee157b6c0b565dbe4389b416614f269-EmailVerifyCodeModal.css]
[css.rbxcdn.com/5dd0242f1370b7ed.woff]
[css.rbxcdn.com/e9bab14645914eae536d29cfe9648ccac27abf9abf6e602c9480cd3ed7d127f4-Challenge.css]
[css.rbxcdn.com/f77e16b9fa5823882aaa0cdabade9706b9ba2b7e050d23d2831da138a58e5f7f-VerificationUpsell.css]
[css.rbxcdn.com/b2cff71de0c286e8f85b1a26a8b87a8cd7f77422c592849ad5114ac5d929c575.css]
[css.rbxcdn.com/0704f0124b6c271ad6dfc296f9805b5f240b99a58479b04052d6c929f4647942-AccountSwitcher.css]
[css.rbxcdn.com/9bfc48ea40a698035ea8cbe3d3e94bd06d3aac48969bedceb6d8ba5ff17ff84d.css]
[css.rbxcdn.com/db825d8aa3dad8b15b22dd2a495ab099711d48c8a8303d0f402fc51476850c7c-SearchLandingPage.css]
[css.rbxcdn.com/7dfc7837b5da6850e13413c630b37da7e88aeb610ca2c7d4e8b71b02cbdc6ba6.css]
[images.rbxcdn.com/6674b8e189bf79c6.png]
[css.rbxcdn.com/7a1355e483105a520689f4b70ac65de66a469fb955821bccdd0e76467fa62fcf-Navigation.css]
[css.rbxcdn.com/0f638d9cad3d450dec6771c2db09c9e8954b25b6ef84423d94f291b6c480471f-CookieBannerV3.css]
[css.rbxcdn.com/d0015d0fd7893c94a935e228b4ca3f79eece7593ab080cc2cdfdbc5d278b44b4-Footer.css]
[www.roblox.com/login-2.html]
[js.rbxcdn.com/4ad04d43c556d7a45d29afecc4c241f4.js]
[js.rbxcdn.com/d9b4f8626ba6e9c4a9b6f84527e222dbb214a0e61e1e43adcc8d71082413d667.js]
[js.rbxcdn.com/9a89a9ef9c12f9750710425581b5099ef93a2dcca8753c1bec7b43fa8916ce10.js]
[js.rbxcdn.com/9368118005111b38698289f8ed058388a70dabf334bd1673e86ea8e8312b86d2.js]
[js.rbxcdn.com/067478d92403b87221df3ee06380d6e21bcebfabcbda79d69fe872ae949c5ddf.js]
[js.rbxcdn.com/88473ecf3ba8b83a0e93d0e767bd306e517f609c58a40608d213d34f480d10da.js]
[js.rbxcdn.com/e3547b79073dcc8389cf6d08e6725ba203fda74fea366239decc0379b613f5b2.js]
[js.rbxcdn.com/7730fff4e1477239840256961802be137c8d5ce6723b0889ac525bfe58a74003.js]
[js.rbxcdn.com/895019dc9b23f03dde1c9e8af98df7764dd85405163f6c85d33865a14cdbbe5c.js]
[js.rbxcdn.com/5699f030466d49a7ffaa49f4780409e9f2c4fe7cc6f9801204af0271ac364da9.js]
[js.rbxcdn.com/118aa5682389515facd84ffe9639d5cb11795ac72ce3c7265bce62df6efd16ed.js]
[js.rbxcdn.com/3ff4ec534290d8440a118890845bb45011784bdce8a37a34f773d9fe3f6e332a.js]
[js.rbxcdn.com/994b3fe18af41ef95731d2c2ce960d8b0baf5005bd4aa3cb15aa2c13f88303d3.js]
[js.rbxcdn.com/fe3b45517c518cda98809c915b1ae9575ea97ccff4c05be8e68933e70b15751d.js]
[js.rbxcdn.com/8ffcea84903d23bfc05aa8f4734ea51a6356de196521499e7a0d53ec2782cd70.js]
[js.rbxcdn.com/06ad3970b5febcc0e936dea943d90d2adbdf81d11b2faa29dedefd95ec3ff899.js]
[js.rbxcdn.com/98e3ba0da5c6abca79ae68fa7ff10c34e15c3e58dc51ffde46a5857acbcbb804.js]
[js.rbxcdn.com/8b14731c16253ec9bbee12572d00ba4abe13bd151b8c20c8b57f7b611346eb2b.js]
[js.rbxcdn.com/d0c190641003535f3069b8be369fd4f66a212449fcd37de7f25db8dc3daefb29.js]
[js.rbxcdn.com/f35c598627d3b08e863dafa67e5cedbb525b562ac58d297b0d566622e1254b7e.js]
[js.rbxcdn.com/2d0a39178b783d4e09a426a042a826da646b1fc91f581c3aaaf26462da283d18.js]
[js.rbxcdn.com/dc2cf2e13daeb298bb874d126d8b067c2863c6a8978b4d5046e600e4b598578a.js]
[js.rbxcdn.com/df5820196f4953f33ee38be5cf58d234f309829d9158beea58a4ac3b101aa9ea.js]
[js.rbxcdn.com/ed49522fd0b1b617240fb3c3cffc90e86c867ddadfb863283393143e84cc2933.js]
[js.rbxcdn.com/8cf82f0d153ba848b6f965be45c1e83760df8e1b4a2429bc37ca85fa79d7f245.js]
[js.rbxcdn.com/541a2c06b0dcbe1e2b287c07c1cac903dfffaa0103d4dbed4c96ee990700b5d7.js]
[js.rbxcdn.com/cb51d34b03d093cd1d34790090f7553853dd0dd8cfcad57c6a6329903b2a107e.js]
[js.rbxcdn.com/45dd9a6e8e3dbdfc18153719b293eff8cbfd32e05b8186a5ed3f15a95f1ecb64.js]
[js.rbxcdn.com/212936173300cf51ea178cb6bf80e3a62796cd636f4052d34c1355409754ba47.js]
[js.rbxcdn.com/955567fcee625c9235aea26b45e9b137de9ab1340f359f7b2890c0589415137c.js]
[js.rbxcdn.com/0fb2d51d340cb30d87b0e084da54264c3337bf80ede8d8f225a436837e95325f.js]
[js.rbxcdn.com/18c44658379c18ea939fb2dc41756f959ae1b0efbed959afbd68e429b261d5fe.js]
[js.rbxcdn.com/33071219ba45bdae2fcd28fc16b4cab3461cb4f309053c9eeb1ce3fa68aecdc6.js]
[js.rbxcdn.com/3a08fa760f713b9a813fd3dd9a287c4a884d420ba55569d691abb51f5d0607ef.js]
[js.rbxcdn.com/439079adbef341b719bced265fb61cb6e08fd0099cc006088b3fbea234546b55.js]
[js.rbxcdn.com/426f0a180469227df054b80ef15332ca2b2858da7aec2502efe91d048a22f3de.js]
[js.rbxcdn.com/21b46633596ecaa5b642660d2b85055ddaf1639fe2416b3e5a21997373d936f6.js]
[js.rbxcdn.com/fdac20dca69650d6abdea35d89e704da3006d11d0066b286618612dfa5be2e18.js]
[js.rbxcdn.com/0216a69150efe18b06c4e2d89bf882693e2492631430cc95ba9ca54d6bb6db81.js]
[js.rbxcdn.com/26d84b7999e9ca74a0fcc45dc8269cf4f7997de3ccfa1677de8eed202c33c75f.js]
[js.rbxcdn.com/ad104b2937c11d42e36ba96ecc3c81fb4805124d025cb913c8ebabd88895a306.js]
[js.rbxcdn.com/36e8ac5610c0c124efedf4f7b137d837a98c03da3385574abd2b649bfa685c79.js]
[js.rbxcdn.com/7a069038e99070d7fbb1c7cd35f1c4bd0f4d1cd2346cf23ad0357c5fa3d0d388.js]
[js.rbxcdn.com/8889de1e23be3333741bd33377c89e88aeab7998ebf4ced2ea65a96d770af729.js]
[js.rbxcdn.com/b03d9ebc1cb7df01e9d569d08dfdb1488cd43ff0529d8e9c6e05e752c855e22e.js]
[js.rbxcdn.com/9eaa56957d5ef3d72b4cdd1ac70899a6deaed28ebe9dd1dc71ae913f19258da7.js]
[js.rbxcdn.com/918b6b660dca97d5c9160ba10458a76eafcc050bb29a4c830d4260b5eceb3794.js]
[js.rbxcdn.com/facb209aca89e65daae7dbb97df15ffbb4f967e50f9062071d4644b9f34f5332.js]
[js.rbxcdn.com/9d9d94f109673e16ddeec946d84f9c822e3ceb46c237c534b898af268bfbbe96.js]
[js.rbxcdn.com/a35b5342ceeb69aca44f03fd05d6cf49d8c2ca296170db4e62411a64292b3219.js]
[js.rbxcdn.com/203605fa1dddee6d93ac709f7a8853f5fed73ed4e555ca738081c293acb51ce0.js]
[js.rbxcdn.com/7e52e8458e414d90ede0e395e1dceff0acac51f03e8ca8f86286219d31054b48.js]
[js.rbxcdn.com/a6bcfb36a6343ef6f10a5cc580f92b66c8bfed0fb0f019b0a8251dcf46e06f37.js]
[js.rbxcdn.com/80cd4fc276ff0e352c93f709d9e1687601e2728ee1046fcf69285ade78be76ef.js]
[js.rbxcdn.com/ea5df4f382e47a087e6574ef11b1aa10f17e6020acc8b1a47e48092fec19e433.js]
[js.rbxcdn.com/59a09a05e80b532b7865ff6e52002a4a3dcba44b71fe354c2c04a086a7489943.js]
[js.rbxcdn.com/c2fe260a19ad7cf1f56b17446093db44879a7790a4985dc3817d4b2dcaa7fe08.js]
[js.rbxcdn.com/c54dbfca6dc37475f123264469765192519b97cf005ffbeb7ba3fb8f438a2f49.js]
[js.rbxcdn.com/301cebfec250ce0e300365bd4795bd0c634b75607724dac9cc95fe6c5f096d0d.js]
[js.rbxcdn.com/cc41658b40b21a78abd3f92f064ad058ffb0a12e4ee67a346df57363b320173e.js]
[js.rbxcdn.com/8f2404ea3cd842c0d1ffd9bebf673b8572a2935243f7e054eef8fcc7a898f48d.js]
[js.rbxcdn.com/f70be110a7c41649d5f23db3e70a7b36daea3cfc1296edea5a0787f6fe49d2a6.js]
[js.rbxcdn.com/a1e51b8e55a4dfce39e519284f632d30d979185971f183e0512bc57bfc0fd8af.js]
[js.rbxcdn.com/514ed1142d7d464d1977a02801797c0f6df5b2aa8e457675603f1d3c3c6c536f.js]
[js.rbxcdn.com/689e92f57ee764a513aa683f677071ebb20bf3eefbfe1cd95bd9667bfee198cf.js]
[js.rbxcdn.com/fdf099069eb66e3780edb622e6ea1dacf81182bc2d3c3a889ef22650c979ed6a.js]
[js.rbxcdn.com/afadf1b2e5246355b1b09c078b5d376573f6801aa16d18aa898870d311a73064.js]
[js.rbxcdn.com/d3814a477faff3d14060ed242f3fc3cb2e2addd15ac1555312c4f7f146d7a231.js]
[js.rbxcdn.com/cc6607ec06e2e88e3faa031ecc0deb0ce25f11674b35dd8fc9e3400e3f6e557a.js]
[js.rbxcdn.com/8fb7b5078e372c1a6062dae2b197dd1725caf4773b44e90742136011e9823408.js]
[js.rbxcdn.com/6fac7d9e4c52d1abe61e4b00c1d407fecc2bd9698de0b3a781b1f84a8af45943.js]
[js.rbxcdn.com/edc2e61abbc9af437411d14775e85120fda38554e5d3d703a83dc242a522ba0b.js]
[js.rbxcdn.com/e55c26e9760349207707a1b4778db82c4b5fa20c81fb3148ea09b0a7b201d8f1.js]
[js.rbxcdn.com/4b4808c04fdd9db13f74e3b183a073083e8186cb534fddd4b3972b5bed8c2802.js]
[js.rbxcdn.com/a452d29f6acbbed3693cacdd7b43d4f7d35052e42831b01610cb46d0d09915a7.js]
[js.rbxcdn.com/5418f00c73c08d3b23c21e9486aaf8de16ee77af85d668428bf542a636103a63.js]
[js.rbxcdn.com/93eed6e64d300ffcdea66d1697c78f39692ef5a6bc1dc42dc1fc946426653bda.js]
[js.rbxcdn.com/fe538d29fd37500272075d14fe05ef6cbcbb5091b58970da83253c3a1d82f43f.js]
[js.rbxcdn.com/f8316ff508218aa25931469c8e98aab2bcd85e9d6e8e587b7013e66839b5e086.js]
[js.rbxcdn.com/1084b495e1be02ac6e675014226afd51784f2f81a1f36cc3a9b3f2714a417860.js]
[js.rbxcdn.com/be544f4d56cd71b86ce432d36cbe780b548ac9c381f901334e66991896792f74.js]
[js.rbxcdn.com/0b02c78aa73d6e3eb527857bc90c1244fe863b3f3704d7e67692abe7382c9493.js]
[js.rbxcdn.com/a66bb730abbcb0ba74939991fdf17a6204264a03d7d6210e8c42d5e6eb81c4ec.js]
[js.rbxcdn.com/9bb063f48f34e324a86012bbaf455810689db054cd975d261341b64215316215.js]
[js.rbxcdn.com/c0d3ea90dc3b1fa27b0573f7f380db2ba8610d338c63a55ebda1a4fac0e64554.js]
[js.rbxcdn.com/8b8f62c93ba1f851f40cb89cde8ed4b44cc0f892f0fde805b4243f9fb8b8f6f1.js]
[js.rbxcdn.com/2871b107e7a12b05b953077e5d97a4e11d3528b3f61084877800e802179e8adf.js]
[js.rbxcdn.com/2a73ee004cce4dafac057294563236e91496a7511eabbf17c74e7690f7e457c9.js]
[js.rbxcdn.com/1b00ca5b3b5ffab5bb4c06ad76b4deeed42da48943c7c852c4ccbdc544ff7f3c.js]
[js.rbxcdn.com/c48d68c34d5796f42a6de4e37fb689a0b9c348f9b63041bc6f3c7f5bda37709e.js]
[js.rbxcdn.com/ace08dfc18588d1dfb4c0353b595a61f4627a8d5b17797e5d0819cd36347a3b8.js]
[js.rbxcdn.com/5ad19734bb171d5d9883d5ccfd594defc7f4d6a089da5c35abce5eb8cf49a15d.js]
[js.rbxcdn.com/820ead21d8a4f202a53d8fa75c8886a34a89f9dc63392c63889d740bb6e29cda.js]
[js.rbxcdn.com/c494631fafd0e6f7c1d44366a6fc6c897f6796c2c740da403f8cfcfd6108a236.js]
[js.rbxcdn.com/1752f61535638f2220db87e2ce9ed4dafb5f911f3d9749e533c7549daf98d515.js]
[js.rbxcdn.com/d4b315e3bee4f66ae47fa9bc6b886f0c4ced6cd275176f1ba44acda156f436e3.js]
[js.rbxcdn.com/3e34aecafe376380899e9e1300e5dd52f8baf05cedc5557e217682c9efee279a.js]
[js.rbxcdn.com/b82696a81c4eb2c4993918bfb0efd0f3605440f861ff017af159c5e0cd3cb64e.js]
[js.rbxcdn.com/b58dcfdd30fc661eca3a2c267e2a7e4b70509ace2ba6b61804be63b4994b9657.js]
[js.rbxcdn.com/a3375d10e622e39bfcb50161f45602a5fb6145cbe90cc7f61c22dc7dbc6a2857.js]
[js.rbxcdn.com/6414b4937dd5ee5b7f08c02c01910701bcba02741b99dc442b1e25e27dda39a8.js]
[js.rbxcdn.com/cca6f832851bef8c78e7dfb86f368408ca3175ee11eccb360bf2034b73d82735.js]
[js.rbxcdn.com/26c4a72c62b6c3e847c339bb56c7d39eff8476aa4d3cc9a8fdd220bb36495652.js]
[js.rbxcdn.com/af21f26d88dceb09b52588ec1a33c1868ba6ba929fba5f68b0b17b04f02a3e8a.js]
[js.rbxcdn.com/73840d03a8de0ea8bc3806aa6ac0e597f1be80a3205a43d6e0e919fbd7b60afa.js]
[js.rbxcdn.com/7cc81fcca050bbc065c80e2118d111f5d7e65419b99693c26b0054defe59eb36.js]
[js.rbxcdn.com/1bee75315e0af536b7d4341738f762af1e0d99c74bd9ef05624552d01ffd3140.js]
[js.rbxcdn.com/9ccf93e65568293a9d6d037257f446e7f26c3a5cc764663620e3cb3162f7e92e.js]
[js.rbxcdn.com/dfae18927442a52ea43a1624f8f2a0a6129cbe9503d9923f845aeb5d8ae470d6.js]
[js.rbxcdn.com/cf3df08a36292fa27068f3e6a98aeda56fbc2e1d1f6d42028d1888e5bef35eb6.js]
[js.rbxcdn.com/b69427d2d28f0f6e9599e3d92c9c9dd383949765c07db64fdf8b701b30f5230d.js]
[js.rbxcdn.com/7e48606bb1c675e9cb8291934c217ad2739f8f7636a0c8aaea4305a810ab22f3.js]
[js.rbxcdn.com/44333c3f8c6439cf9c5cd30ddfdd1254801d8aeee4c74cc9ff84b7f0668e7e78.js]
[js.rbxcdn.com/614f0653c2c97bf478fd48604b9ccea985d5f809092c413c56617031aed85f23.js]
[js.rbxcdn.com/56728bee27a8608f7bbd04016bc65d1b97165cdd2db169a8fd975dc92ffbb09b.js]
[www.roblox.com/de/login.html]
[js.rbxcdn.com/6f3b550930ee763addde2d815b1856a0.js]
[js.rbxcdn.com/185f14d8610817ae2768eeedf1f6b3bd.js]
[js.rbxcdn.com/68a6c548df0e000b04d9e031bf0fb534adaf25c8e9de889c88cb6165c80e5f1d.js]
[js.rbxcdn.com/f4561d3ed40e3f332f8ab94330ae15226b48b4c93c6b19cd269851f2fc7db61e.js]
[js.rbxcdn.com/cee0c7055758aefa7658c01f5d4cfb24608a80bd98e5a403cbfa1d6d693e1106.js]
[js.rbxcdn.com/35b65f5baa6cd38d0f5454cd6f326c26eace847f908045a2ad0adeba139a5b70.js]
[js.rbxcdn.com/826227fa8092f15047e48d5430bdee6ffa694b1c6498a41c336da0ec4bb95896.js]
[js.rbxcdn.com/d01e37cd2b0e71821506d6a708d19e8342fbd55933f3e59ed30544166e54a714.js]
[js.rbxcdn.com/162ea727a78d77218eb513627c8d1fef52b2ec0cf9c2343d059b840474cb5bd5.js]
[js.rbxcdn.com/827872c0706228c4b5669de935d7d61be4b407d3fbfa82b37a7c6199f4686cdf.js]
[js.rbxcdn.com/1b4d6ce0d88a7d78812f9937767dc848eda0b14771922f0e5a49179600f6b272.js]
[js.rbxcdn.com/e335d8d68c0cdd7f2d75579159517d771986e39d2fe2fb5fd0eb1a43d54249e9.js]
[js.rbxcdn.com/2afabe864c4bae6c3929144ee6506eb314fe7b1d95c0f98fbf21c2a5b426b708.js]
[js.rbxcdn.com/4fb8281bdbcac41d898a0a80c2f5a1919429489815a07d705ab02971e6316739.js]
[js.rbxcdn.com/3a38ce2bb1958e21e55a38e4ee53c9f11f9393c3e5ecea55453a193059514fd4.js]
[js.rbxcdn.com/24795c9dc885894eb566bb93a4f9cd2a4efd479d6eb19f2623778f35f8324eff.js]
[js.rbxcdn.com/f7a4b656b1ae68f6b3779e09307fa43d0117b23a355ca17df1d5274b8e5e1f04.js]
[js.rbxcdn.com/aae5c77937ca8dbe7247361e93f5cf19d3afcc79bf89f75629cd3a8fb71641c2.js]
[js.rbxcdn.com/fe573381c97b583ae8ca0f2b50f3588865c69b4d6563b922c35dc790f8980c30.js]
[js.rbxcdn.com/3f3c3d3a5d3742d10ea7d9ad6410d6e03ff83bec84a7c8c5fc70ee8f455ac8d6.js]
[js.rbxcdn.com/a7ab39b7cc2587600ce8459985635fb74d511c0c8bd9df6269487158893ff86e.js]
[js.rbxcdn.com/e91a35bcb1cae1c12dcfcdcca65e0b73a11e45807b14ef42b72989bda188df77.js]
[js.rbxcdn.com/41f1827edac66eaf28c10d064d2ba2865ec0bb691e7b40f2178a4ba72bfa7e62.js]
[js.rbxcdn.com/e18f22194c5b379153e7f81d65354fce40ecbfd184cb3800e3ee982abfdf0eaa.js]
[js.rbxcdn.com/52217f5d713e9b866f86bce33de952537c6448613a773303f92d1c6c8f1c535b.js]
[js.rbxcdn.com/dbcf685056ed6a919ddb7939cf46e05c93e43b23583d9919164d530ccebe3ace.js]
[js.rbxcdn.com/575ee90c3c69a2b9413c8005ef2d26cc2e88e41b3c94a9b87eb4bb1f266c5da5.js]
[js.rbxcdn.com/60101a7ea34bf18320599112bbbbde1cf6553e5e9d7333748ee62b2d78286867.js]
[js.rbxcdn.com/61af8ac907115e6582cb56a5fdecc87395b971c30ae60d96d1c967646bce8ed7.js]
[js.rbxcdn.com/c06a1f9dce9c6868c65276737920507b7a2baf311178fa852695aba83fcc1061.js]
[js.rbxcdn.com/59806f908a3ce5ba7e10dfd4b1ec8c3cd8a195899dfaaface9d280c700894a07.js]
[js.rbxcdn.com/c84ccb47291cd205507f3c7fd84d460bbfe6f16ee71fc038971111795ff9a3f0.js]
[js.rbxcdn.com/7768f51d9d88975219e30ed72b412d9d1e185a9a1e932392b579dbbab49ec4d3.js]
[js.rbxcdn.com/177bb951564cda93377dcf8d0f7f16ffe95a3932ed30a72e6c8aab752bcbfb4e.js]
[js.rbxcdn.com/381751d0aa9520f2419921fa16d01a342bb899b67864ffed7240216e69a33375.js]
[js.rbxcdn.com/bc3993109efdbe7b0e28874f013c269b092d4661db6e8951a84e364d6e44264e.js]
[js.rbxcdn.com/b4b364d6b97d9a5541983bcf34b067b741d7a716f1f50144968ad6fcf3862c50.js]
[js.rbxcdn.com/35cd81533e109d68005272578af37688f266109467b7bc315b34a5463419aaa9.js]
[js.rbxcdn.com/c52c556f475f234db2993e340f49d7c8a0de1565589a66a12a26c4e1c5980ab7.js]
[js.rbxcdn.com/663e5c0c093bfc572b5c05c309a0ee1aa035e0d6d7841ba6040e0ca6761e8195.js]
[js.rbxcdn.com/56130de7b93aff79c8534515cc3dbd4e19f5bb442d522221e2055508614423ab.js]
[js.rbxcdn.com/86d2f9e3eafb530231208b1208db71bdffd78752d3a017a77edc1087f5855f09.js]
[js.rbxcdn.com/5e1c1690c2e4368f5057b950c40659a70c10c52d277dbb0bed39855536163785.js]
[js.rbxcdn.com/b57474e4da9f844d905a5d3cc9a2496b386676b1a46a50214debc19a7bc8cafe.js]
[js.rbxcdn.com/8720db8919c0da7eacf9ffe35c9cca44f68a6139b56255408749cddbfdfd27f4.js]
[js.rbxcdn.com/985c897b4441b0568300210228674142749e7cf49e8df496fbdc06c735fa63c6.js]
[js.rbxcdn.com/acd89d5c253928106afabdf7fc3fdeb68c06ee6fb62018602271134520c1e4c7.js]
[js.rbxcdn.com/6b5d8cdcc84aab5dc99af376d52f6c18d0c7101203b375538571106dab7203b9.js]
[js.rbxcdn.com/393b87e6f7e55159cf7829c2191c1be2ddc1ca02ada37b03e0335788a41e60ed.js]
[js.rbxcdn.com/da96d3fcbd38f3bb62709c01239c9bda376db3d73b9f74fcefc05e30d5806e17.js]
[js.rbxcdn.com/5f6b21ab7997d5449b526dab7753367c24d846f8ffc2c6aba6837bc374082c33.js]
[js.rbxcdn.com/6264ddd42e97552d604a0d26c13e44ea1b795fc60a582e58796dbb01bbf0a947.js]
[js.rbxcdn.com/82a180f217ab5acfdf4206545dbcddc93908bdb35900bb404832e4669a9a0b34.js]
[js.rbxcdn.com/313431be1db4d5dad4e8201e178944e9500556a19f730c4e974b7ca9df9b8ae5.js]
[js.rbxcdn.com/439202dbabe3a9e3a9c90ba25f91b15d40b30ec1579c4730fc28e642529d6c23.js]
[js.rbxcdn.com/9d3700cea9a8bb80a76b42ce05960a31be90857cb4089ffda5b280271dd991ce.js]
[js.rbxcdn.com/afd892ca1a80ab579ea2860707fd39d65cc85472fa107b6ac582e3e43eea02e8.js]
[js.rbxcdn.com/31495a25fa80550ad5d0e74cacc5bfc902354a1b3359f932b82f2d02a126262a.js]
[js.rbxcdn.com/71a7a428b72122677b63bb39881c1eb6e2ca1515607112fdb8733f2206000dab.js]
[www.roblox.com/es/login.html]
[js.rbxcdn.com/c264058e3c1d0004acefdb23641722ad.js]
[js.rbxcdn.com/8c7e1d7ccba1380db7320ada71e579eb.js]
[js.rbxcdn.com/a759672fe241c84864433521f6954eced217a3bd719e00e3ee6d1d8150fd8c33.js]
[js.rbxcdn.com/10953cc3c2c32841841e3a50db1c79e0e85af0cf807dd3b50e691492953be019.js]
[js.rbxcdn.com/751f0bc65c9c2494852323452ad6f16b54df5757068cc785eb238ff2f22e5455.js]
[js.rbxcdn.com/5f3fef9b90eb9470173c7bfca67335561ad07eef8b9c8f28e5eab7019085db1c.js]
[js.rbxcdn.com/a2134c5f411729542c232d22e1c4062805fe7b5a5105e67b257e4d0839f28caa.js]
[js.rbxcdn.com/3b42bf4be7b2bfd7b7a94c821cbeec3b739f42da2d2c58dffd19b45a57a1de4d.js]
[js.rbxcdn.com/416e0487d23a6e91cbcb49592dfd548807555bc1163f51ee9a9ceb3bea79a156.js]
[js.rbxcdn.com/71053367d8b8b690b1151872c0e84904c19ce2acc2705bbf9cdcc9b9ae9cff7b.js]
[js.rbxcdn.com/d19bff23fa108fc6e635e2c8f0fb600577d57fdcc1912acbca0e35f8b24e2ce6.js]
[js.rbxcdn.com/d5beb7400359b27e5b78c4fa87dd564bef875a345cee350bcdff53e54a3b06f7.js]
[js.rbxcdn.com/fa18f2c04a106c5540e9f4063bd415cbd79e49cb8cda59651641a6aeecf1fb1f.js]
[js.rbxcdn.com/9a63697cb55f7cd0a2fb4540b77ff84fed8723f4f6b645b34976174025109f55.js]
[js.rbxcdn.com/54353ea4ba7923c35a23acfbeecddc1ff8b3852d59f121b8ae08c746fae19498.js]
[js.rbxcdn.com/d5a582eee36a56752bd2beb29b0de882e3865db8b29bae762044c2d71025bfef.js]
[js.rbxcdn.com/e291a3f6a3485197787141f6c1e1661cc759d58dbd06fb792b35db122b412422.js]
[js.rbxcdn.com/cd1ac9a47ca54a1ff977a4ee37398a86b7757b02925b6c53d42e87f28fb60991.js]
[js.rbxcdn.com/9f4672e98526e761d3f6a853ceb8916b570b4b032877f2dfecc9899b4c5e14be.js]
[js.rbxcdn.com/4ce2e6f511c327c7e69fdca7f9b768a571ab7d410034ce999ab64fac99ab16cf.js]
[js.rbxcdn.com/186fae821fc1bcc35472b2b75c9b6b6536552f981792c29ffd7a2ca0f69b594f.js]
[js.rbxcdn.com/7ab3d9c23c30143234855a42b294e04189d934514bba28ecb651faf3d749def9.js]
[js.rbxcdn.com/798f611b6420d937d3e0e185e0f4c100d25504318298f7c0853b548a8feda388.js]
[js.rbxcdn.com/4fb49be5228680da26745446f4a1d56bff9f192d5023d3b6c99d19badd488397.js]
[js.rbxcdn.com/21c3f394f15fc39e2c41a2240ca55c8812ae8161b1850ed1a407ab50b6ea73f5.js]
[js.rbxcdn.com/fdc51757de6ebcf1cda8985f5a1497a756ec12e4a550cbf337038a19a6665bab.js]
[js.rbxcdn.com/60ccd84f54341b61d091e4eef1cf632d9e5a45a60104921fbef270a8b26747d4.js]
[js.rbxcdn.com/a98bc274e9febf3ec5cb2070b33f3dacb7466952ed6dd9e9e4e7813dc72a5a8b.js]
[js.rbxcdn.com/6d84d808e67e86d8ddab4f629b3e8a42709f56fd7c6e6e5982d32a25af0c3850.js]
[js.rbxcdn.com/154c3147ce0f1b6fbeeacf6d1265eaf3b9a98db67446f87df3df3313914636d0.js]
[js.rbxcdn.com/8b4bc9e8a454f7aed550839cc0d367acfeec37a1eaf4b657ada5da3b8e53524e.js]
[js.rbxcdn.com/94d9abea4faa868e5c870646b2c96685692d44994bee7b2fc91e60801b3d8944.js]
[js.rbxcdn.com/94bb1edc9f624a892b1502bbe89f88c7bef4740cdc1b097593e38840eeaa8b01.js]
[js.rbxcdn.com/b9f13061b2a13ae1dc71eddf9fd2e7d8b73bbcf3072a66fb342e58c5e1f5f7bc.js]
[js.rbxcdn.com/69707424af5fa2332b1abfe8f75bc72acb2c3484e9fddde4c42bb8be714160aa.js]
[js.rbxcdn.com/c8fa909bce29701e1243975f2175d68318213775e99f517957c64d4033c430ad.js]
[js.rbxcdn.com/c639150d27b654b54c4463b8e504945069a57c8730ed08c3b8c2be03e4ff45dc.js]
[js.rbxcdn.com/38404cddb11105ec76df27fa0be83c4246dfd3a5253d44c63b1c07358d31e763.js]
[js.rbxcdn.com/1e83537166af7da7c063ad765ef77997ca54dd77dd08df137a8ec791c2a80795.js]
[js.rbxcdn.com/afba02b52926a9cdfd740d3d852fda9e7d3f7ada35f7f62d07f36438d8f540c4.js]
[js.rbxcdn.com/8cc6c203f99769d51364c1ea0a2e558ce0c9ca23051ec8d94103b6b71d9ec133.js]
[js.rbxcdn.com/3fb4aff7c87483bf6c7ab4d8944aa0b540bfc77f03e96ab4e9557acd68d8e0f7.js]
[js.rbxcdn.com/2ce2edb774da4a5c754ab57b8b0facd2546c5d0cc62a21ba2aa503473303bbef.js]
[js.rbxcdn.com/cf9b604f93c95548d26c5c3908db3cab94f6011ef05df121d3e7cf0f3f8f0471.js]
[js.rbxcdn.com/60d82f4d0d73db9c3aa59aa97d9238e3fcdf9b5528745e2b935a1b01cd5cba67.js]
[js.rbxcdn.com/bd3bb8e847849183a7c7ee72d7f8e3849a87f87e17b6dc61a16161bd6797ce20.js]
[js.rbxcdn.com/ad1fb11706111595400cd89c5bae574dd2e543198d5906dd3dd309c85ef22879.js]
[js.rbxcdn.com/a3ddcd36150299e3c12112a5ad7c6748fa17f38e58a21d50c18faf06b2637fcc.js]
[js.rbxcdn.com/50d5c277689105d6f6dc4458cd9a97fe631ce17bf0c254333ec02ea7a3d4acf0.js]
[js.rbxcdn.com/3067007b7abb9ae98ab5a0e6244eca60b4c598f99464b629b4ddffdb4b66afce.js]
[js.rbxcdn.com/6adb17c2c1c0789beec3e5d4d30ba5ae62dc59bef2278262aebe38d7953e5d32.js]
[js.rbxcdn.com/6f5230092328c8dc2b2cda1f65de1dec53c42eae78717b59d38e6773ae545523.js]
[js.rbxcdn.com/f12e97f70fab4a3123ddf4913e6527187eeaf8ffb72828f93dde32bd83b7b785.js]
[js.rbxcdn.com/1b8e04f622e55fc61173f51c1d20811af4620d7e2a54dc25f36ec28c77ad3067.js]
[js.rbxcdn.com/d319455707509a8dab21abb7a48e5f37e34ab082ff4da907e7b8290ed14b4e56.js]
[js.rbxcdn.com/603ac4b00b2778231581afca86f4d55a08f8292f3295691da6903ca07aa78dde.js]
[js.rbxcdn.com/2d44cc16961f1f9a603561d9a2278d8f663dbeba874e82cdceab178a100b12ba.js]
[js.rbxcdn.com/a9cf3173d6e8920f94a15593a7ab0dddc42cd61adc421b1950516ba927160965.js]
[js.rbxcdn.com/98ca614c3a5d807baf7e365e41c364dcbf840a53e574b8064b126a375184c524.js]
[www.roblox.com/fr/login.html]
[js.rbxcdn.com/5507e3aa0e6ce2522ad1c6882bba8fe3.js]
[js.rbxcdn.com/748a01cf097480a4697d1444783def09.js]
[js.rbxcdn.com/0dcf101f1c9263155e09e1b1012bd70040ac00d34a6b01d54d0fc3b0eacf1c9c.js]
[js.rbxcdn.com/9455e9b3525a99e1fc797619f8fc9ed8c1c6d97237736a10f29f682c6ace3f29.js]
[js.rbxcdn.com/686af1428a8569db6983a21c8a49d8a437ef3bf1e1cbd241d6921fe68b927c17.js]
[js.rbxcdn.com/c851e5217187d0ef33b1834aad9be04520756a3e48cee5a15ebaa9aded7f46a0.js]
[js.rbxcdn.com/08d04a5eab233e8d3b2dadae10a9cf394557724da8d5a95a91ff43b9e1a276cd.js]
[js.rbxcdn.com/72bd2793bc89ee55f48bf6fec43aff1a329200007bb16f5e80aba5d77d3f603a.js]
[js.rbxcdn.com/b0dc5ac0c220a69861853f497f5e7f690dc4a768b460bbd18bcdb6cc6f08cf22.js]
[js.rbxcdn.com/a9267fa6d3440f80f8ded50aa4475f583c8fbd20df518927674cc92008cb3c73.js]
[js.rbxcdn.com/9f93ecf74c3e1644357b3aa7db17bb1dbd2e86da0bab4cd116b9227bae9000a9.js]
[js.rbxcdn.com/3668b85e1fa275c3fbdac445d65540631122c3cace07409d57f1fd4b32c9818d.js]
[js.rbxcdn.com/692e5defd689fa4a13441dccd1f85149097f561bd11743fe46e349e07b384c63.js]
[js.rbxcdn.com/ebadb1542463eef98fcf595b6ae286c638e5b8da09878cb6db5cd2974b2c421a.js]
[js.rbxcdn.com/f8bb389a5facc0ebc99011fae03b9508433fa0cda8190355f711228e90c8a41b.js]
[js.rbxcdn.com/995b8771a95f0e5cd5d8cfa1984c78bcb7f8ca9c2472e1cf3253cf913d6ba4ba.js]
[js.rbxcdn.com/d44207a9db177189dbebc8130e938d01de48e873e066bf1b766904f04256f3e4.js]
[js.rbxcdn.com/6c39ea60ec56be5df71389cf107745e34be8f3b84694cb25d5feb6dc234203a0.js]
[js.rbxcdn.com/5dd353d7403bdca0ab15e23c428b3ce38691a507ec9bf7773f80c84dd9149770.js]
[js.rbxcdn.com/5ed3cf7853ea3f823aaad8bee17c082b64a4b4de2b4916c6b20d5985fbb8ca1c.js]
[js.rbxcdn.com/e5923c5d36c5318a69f9194f656e2f4858d7330be03046d984b41bd898c49bac.js]
[js.rbxcdn.com/35d0ed6599739a2278f64e04693140ac6b0821df589a68cbfc14ea07a7d8f845.js]
[js.rbxcdn.com/94f5c1157e96c6895ed1fcdbc03ba1c76d41b1dddc3ff2f5faf31892128244be.js]
[js.rbxcdn.com/e29688e72080bb6343df9c2c7d83f0ec3abf93e6b665ea67c208ffb1ecd8098e.js]
[js.rbxcdn.com/e9b773ce1766870f1f7f353c8c4a2921a4e11733b0224fb00239be3b869278af.js]
[js.rbxcdn.com/afd1e68302821a113cb36f4556bfcf94f4454e160924d87f945a59999f9005b9.js]
[js.rbxcdn.com/90b55ce1b893fce48f63c6321a37dbf97289c65d3a834fa2432369459f3ad519.js]
[js.rbxcdn.com/f7df3f80572f316b529e25b29c7afeb997be37810f237edff3b4130d127a19fa.js]
[js.rbxcdn.com/e9b8420e062d22213c4bd71c33bf5d5c7d392557604c17b5328e6f8d7c455736.js]
[js.rbxcdn.com/8a0c4978d0e4b101616ae2d19e886d756fabd2ef3ace148eb53abbbf0107128d.js]
[js.rbxcdn.com/c3d6a5e3caa9135b0c3328265ac46e0b02d8ddb2591cf010952309a4e0cf4a9f.js]
[js.rbxcdn.com/0f4fec08343bc2e270188e71a54dda56939164b70a17a9fb0655989603c8a89a.js]
[js.rbxcdn.com/30e25402d77ba0b3822c15a9796af07329eb4aac609c886323141792a7f9543d.js]
[js.rbxcdn.com/5bcb0bea1e3ef7f715cd40354470dd643b0e919efa7bff0059981d2fed0a8dbd.js]
[js.rbxcdn.com/ba2ddb1364a45345d20316073a7bb2a20f942445ac526977a1ab681acaa10cda.js]
[js.rbxcdn.com/c7533ab111c200304d82e00050e2b1f6ee42ef5929901e0ceb39e648489a92ad.js]
[js.rbxcdn.com/20b611a991f0a04c5e2bcbefe30f4e33097c723bdeb6b7ae90f70fbe37ac8418.js]
[js.rbxcdn.com/70b5544f7b6ea45ef23509d6a4a56f75341e480536787d6a2b1fd179c10f06c6.js]
[js.rbxcdn.com/5e078dbb38a77f6840262e5ba181b8cd4633650a9c92e6b7c36b07d7db32dbb4.js]
[js.rbxcdn.com/37a33d5133fa6459cec9e731dfa676011302645e3dd8182844269209c14b30aa.js]
[js.rbxcdn.com/72d54ae5e977ffbc34660df3618ba65fbca69f168749eb4c231a849ad204017b.js]
[js.rbxcdn.com/84088be65e2c4cdbe2a80d3a3398d5cfa3ce26dca9335347d3f9906de62cb9e9.js]
[js.rbxcdn.com/615f97bdf58a85c10c74b9010685c16598c72597ae928e0765f261b1c845251f.js]
[js.rbxcdn.com/36126f2c49b9c9ebd1f71b52dcadce2961d90a7eb7203f0c72f2826f365f0603.js]
[js.rbxcdn.com/86991ef9a22ec24582dca0b3cbdde4858c19228ac9c94609a8c95d571b4e68fa.js]
[js.rbxcdn.com/1161d7c540092ed5702020a5cc76a8aa4e9263e682ba8bfe60437eef81af1e27.js]
[js.rbxcdn.com/9370db4046f0dd35d60600d29f9a22b2bb8a85916c29b88441ccf65bf8843150.js]
[js.rbxcdn.com/5ea754bd1ca3a8a4198fdc97d64e74b779e58636c90a7656ecb6242654e735d5.js]
[js.rbxcdn.com/f77f260b426b3176cecd4e0f467f4767800085f021943493976bcccb6103540c.js]
[js.rbxcdn.com/5232cd46bd6ba8ca852187eb998838a2b2ebb307827376c3610074e306622005.js]
[js.rbxcdn.com/a182c6f328f42af9c509053cb0a893edcd9b8473aea4cefb9c1315f5b9f90923.js]
[js.rbxcdn.com/0a9f0c88d7c101206a089f8c3c43ef924f3710765a3a4e54e729e0634fd17431.js]
[js.rbxcdn.com/6965c13ac58e2067d669a4a03205abb57d910166f555f1796d202c62e768a573.js]
[js.rbxcdn.com/136dd74cfab054a3c8e7919e5e46c6659b51b24d95f0692726ffd57f922b2b35.js]
[js.rbxcdn.com/38ad2030b11f8cc6da32ee6428abff94e86f73b2f0dc079fac1d5917eb97c1d4.js]
[js.rbxcdn.com/660e0e2b5c3e420c62d740726e7cfc04d1279e8a13cb924f0e7649a4942498bc.js]
[js.rbxcdn.com/c2ea03815dcbb0a26f2e2cc604eed517d034d46625bb7502309343be70028990.js]
[js.rbxcdn.com/f161c37df77a45073dc7dae2f7f203f8f3d9b7ee09c50d7e659cfb80e36216fd.js]
[js.rbxcdn.com/94386fe7694e4843f7c5884e9b19763c279b340daeb6e2c6c6fa1e6518bbc966.js]
[www.roblox.com/id/login.html]
[js.rbxcdn.com/877d1c0715b539a0a92eb05c84d415be.js]
[js.rbxcdn.com/74a4f8a0039e34cbe278bd1a49176de4.js]
[js.rbxcdn.com/98a3ccd86b28a3eef47842e416f75d30023460b31454c8394f0c624603f37fb6.js]
[js.rbxcdn.com/b83d5e2e18e5295df2828fc64b05ed81943901c94c517adad833a0ca29498e00.js]
[js.rbxcdn.com/8d40eb7dace920bb9f0a83df38a1defd43b46728c71353c7a73bcabcbbee33fc.js]
[js.rbxcdn.com/db505cb318e6e882dcee325a8c7d59016bc165b59088f6a0c7083be26739c24e.js]
[js.rbxcdn.com/08be35b3341037ac92cc55c84f0baac4ebe75823d8c07079603fd79ab1800985.js]
[js.rbxcdn.com/a8b4d841d625ae5819aa4c7f52a4e16b8af0ca3209b394712ce890c3862b6929.js]
[js.rbxcdn.com/765fe45c5e1049fcc20fcd9bbdd306b9dbcecb7c9e030034635a2979325b0f5b.js]
[js.rbxcdn.com/46d751a3fd064076c156cd9cc2c758ca7a840ac22b66958755de48045f1b5a86.js]
[js.rbxcdn.com/e3d1f5fed5c00b48e777c85648ec2353ec9db6fae31c5d4272da1a80618d81c8.js]
[js.rbxcdn.com/113f3df0c4c5dae8cd9ab7ac5b43315474723739e055f4ce64adc6485cb96666.js]
[js.rbxcdn.com/56fad150df95a00d6217c43cbee84cf042ff35807d3ea4862c4c616fa5c2728a.js]
[js.rbxcdn.com/3a4a0824aadf30b3e2da4836fd5a9ea9bee77ff6359a5d6c87331d16be33f482.js]
[js.rbxcdn.com/ff487b1b2e2284f7c42229f01eb46cb83762d1148f10ea822f2083554a5ad7b1.js]
[js.rbxcdn.com/253866f7e33a8c2629cae0acf234cf934a0465f0abd003758618722b13051ae5.js]
[js.rbxcdn.com/d9b25dd2bf31847cbb001950af3255d8280393a54c709fde71f32bdd9ef7c43e.js]
[js.rbxcdn.com/365b86d7414b3208f01fb4571507b5d0de2ecb5be615e73885113331b15dd70d.js]
[js.rbxcdn.com/6b600e4821ee4cb0c396adc1007031beea0f7d19123ca5946b8bdf6669ecfc6f.js]
[js.rbxcdn.com/c3d796cdbfce3394e65be41ea5ab41073ac0591770ff09ae7826bb066146fc2a.js]
[js.rbxcdn.com/7d98d349e51360c9bbb898fd555b2498d0f5fef83e1adc666b15159d9737989f.js]
[js.rbxcdn.com/1a8d0596023c62ecd57b2cda4d1135f2473c91ad4b6911b31b679eb62bf597a8.js]
[js.rbxcdn.com/d285823319e1ca953fd9c04ac81fdbd1a9452b202fd7072339e63c248a32e101.js]
[js.rbxcdn.com/c1034a47a2acc9463ba445374557723bdb727006652f9a8527ad0f1ebc752d29.js]
[js.rbxcdn.com/9aacd7acccb9b1bc895540b68bebf3d5f26ff169dcf34a75af87419f47eddbcf.js]
[js.rbxcdn.com/a3b4f410cbeaa873d3435eeafc0dcf2fbc88fe11abf75ba7960f4903881d3aa3.js]
[js.rbxcdn.com/b32840c6951c7a06fc1436f710a8028d9533f70c58523fa4da976806e8dee0ab.js]
[js.rbxcdn.com/188f8964f75425ef6aa5a0ce350fb4c4daa72aedaa14d01b5e100709c380723d.js]
[js.rbxcdn.com/45ea9b3f89cd3f33a4a6d4958b54cdde55200abee43e5398ab31ff4017952f0c.js]
[js.rbxcdn.com/201c5f0a449f2624f0b3f0ce019bc67a9807f5c61fdb6f89779315b6d41db3c2.js]
[js.rbxcdn.com/8c7b98f28fea5768fb208ffa9db11f156029aa858ff17d77d3a4f2162ac3898e.js]
[js.rbxcdn.com/a4f138213b2018e3a11a9e57bd4642bea600c1676ced2b8e4b27bd5a516e6d8f.js]
[js.rbxcdn.com/70432ed27148f21003fc16d4eb8f808dbd468f5b3ee628ae5ae42ea8497526c6.js]
[js.rbxcdn.com/5e0b664c4f8b5c33a586c1f3e788fed0a78fbddbe5981105ef4fb5e84e9d2347.js]
[js.rbxcdn.com/b70943f507937c62c1d4beded816a617e28a96fb3ff70ceec867c60fdeabfbb2.js]
[js.rbxcdn.com/062725ac3dced6bdc71a3056d422c370f896bd040b548bdc000f05afa3ffb97e.js]
[js.rbxcdn.com/e1b96e329e00eb29d4ef2aff2a39b2145c7b5080b2dc178c09cf392b6e0ec233.js]
[js.rbxcdn.com/1c5fe6fa6bbe1b12b9501673ff600f94d61d41cb54c44b6627f7c648f784f125.js]
[js.rbxcdn.com/de966cc5f3b32c3bc897d5af47b54378aa4079ef59de12519c757c5d5b723a3f.js]
[js.rbxcdn.com/116b6c3b17480469437a0f7e7e36a32d332ec1c2beec076d52a3fc1c862a7ed7.js]
[js.rbxcdn.com/14216e79e976bbf82492c05c6f4db934cdd347cad06fa14b57c8490a157bf51e.js]
[js.rbxcdn.com/ec79bac612f3c63663f4b5172d0f0c65b02e477b32c5f234d3d910c88a02402c.js]
[js.rbxcdn.com/9efa665e5ee7dfa1f215510e4d5536d635ca040573b01662bb0ecd2d7d50c692.js]
[js.rbxcdn.com/1ab684a07d1785f4f0c4eb38e3a004e7616393a3deff369a158e9c8607018d6c.js]
[js.rbxcdn.com/e3c162b3f33a4ddff0ff183631a355ce005c511406d734fccc50b98b9430d500.js]
[js.rbxcdn.com/cd78054fa9aff8e258513b636c712331c0b9ca5bca3063c4779c1fe79e755611.js]
[js.rbxcdn.com/e78e78268fe72b1fbbe892ad52e27e736d268c7f3c5e256725abc1f45966ef5f.js]
[js.rbxcdn.com/29a59ccaa3bc0b9f2bd806ee171912e072b590a998e1409a8cffa9ad72a17af4.js]
[js.rbxcdn.com/6b8f394e18f4fd335805373d432df053c2a3aae5f0c306a1ece0e95238c22208.js]
[js.rbxcdn.com/b7f5ad276200d76ee1e27cbeaad8b0db8efe62488a162d589d54d7a1ffe9a83e.js]
[js.rbxcdn.com/c18e68bf50de2cb85b86eb522f5d9dc9c54a141e807f7a0af2e9ed57b9f73520.js]
[js.rbxcdn.com/e30fbcdfdb84eed45d2933e446403042984e765e94c92fb6d2e8ea1c675c4abe.js]
[js.rbxcdn.com/385fc772de89a761104e45ae03a619e493fec5bf850e2e9d7de899f60aff2c1d.js]
[js.rbxcdn.com/d94dab6f2c3b3aeaec2ade3ebc69d3f8a668546d2bcf7251b74cc33e7ebbb6d1.js]
[js.rbxcdn.com/6bdc5ef0d3ecaacfd788b92f92cfba74de9523185f228e1843c43945e4255e0b.js]
[js.rbxcdn.com/63868c96c327d4ce17e8178500ddb92401c32fbc4679d9a8f7f2dfc9b2c328e2.js]
[js.rbxcdn.com/8794095d8799e0909d093f1854c598d05f1b06d2905ffdefa851caf53ab3072e.js]
[js.rbxcdn.com/15e79eda9e3b73ed3d64e18b75cddef56fedd7fb0a5d92df963729f7edcc5d3a.js]
[js.rbxcdn.com/d45992168597029a9ff90937aed39f79e04fb3fbe91492bcd0329ab10146a3ba.js]
[www.roblox.com/it/login.html]
[js.rbxcdn.com/025ea0a0fbbf7178957b83fe0a5bd787.js]
[js.rbxcdn.com/893e79b5b3e0f359bd55877a3c41e408.js]
[js.rbxcdn.com/cb72e33df21929086962ad5ba3a66d66c07d772217457b978235be97b02a5d6f.js]
[js.rbxcdn.com/05edd636c3f4c661bc3399c229d3019a96ff0c4c6f92d5087145e9fa7580008f.js]
[js.rbxcdn.com/4d16efc174288601bf2e2c88db2b5c1ff63a428769026e319f93e7394728ccd2.js]
[js.rbxcdn.com/b116169efe6e82fb8d1fef8f08ba1d4c65cb3cedc01af21994ba62ddc8e0e908.js]
[js.rbxcdn.com/057c8172621a564502ed0f9f95ff2bd9d3e5ca0df2543f82e702f2c3fd95db85.js]
[js.rbxcdn.com/2900b14efa68c2491d93378abbe4e5b95add54cac39390f869ba80fc3eb00f8a.js]
[js.rbxcdn.com/3a667ea10a04ace608a5885b9314e021a2af31503d09a48e6ee2db1ef0883742.js]
[js.rbxcdn.com/dbe733a244a57af323dc331432be6e51114df33d8f0a035dcbc7fe64f745e5ae.js]
[js.rbxcdn.com/33b48d8d27247e04b7b89f3d3197e2977234da49da0e45417de197669ae4641c.js]
[js.rbxcdn.com/e1b00a5bfe8f4b2bcc48223839caabf5625fbbc0dd2643170b7f7e0cb6ed33cb.js]
[js.rbxcdn.com/f5e5f7ab0f0cd1af60f15499012227f62e08d8514583a0a9e01584592a4c340e.js]
[js.rbxcdn.com/6127469d8448196f78544b893ef75ace181316e3a4c13d1468b74c601974a2fa.js]
[js.rbxcdn.com/af07f1ef3c3512003b99e86b17fac7d8a68a13c7fb39026ef602823325ed006b.js]
[js.rbxcdn.com/ff8b502ccfbfaffa807a68293fd8d8084357b8c97bee8ac8f5e84a46f6557e35.js]
[js.rbxcdn.com/0b0362fecf4d01aac11ad2e9bc0cab7aaeef2c5616b032c900f6ad39ec77ebad.js]
[js.rbxcdn.com/e8eef99f5cc8b456d8519dc074848d5af5afa15be2ec308e2e374992b935bedb.js]
[js.rbxcdn.com/ced71816fb951146040b6c3e4aa3852ef5b1902f5aecb6b59dba858839cf33a1.js]
[js.rbxcdn.com/723926bb9c48acbc6f71f4cb87488c48d7715fa257d89c8e3d2bd593c249ded4.js]
[js.rbxcdn.com/223e5434876ee39360f17ecb4901658e0e918954c1b25d833a3389b724b4ae71.js]
[js.rbxcdn.com/99ae4bb89c04a38d69fc2541649372ce1bc812728a453b0525d1d8c96ac8150a.js]
[js.rbxcdn.com/2a19a6b5610909fed850af226419bfcc50ffb78478c9d61a7465b72f8cac3390.js]
[js.rbxcdn.com/ee0c2c1ade30235da4de096876d9445e7cbb9f7cd3b097aa746cda9374d9265c.js]
[js.rbxcdn.com/2c9786099b3b7664f60d3e488ee391d8c019eaec1af14182e0e84271afac096b.js]
[js.rbxcdn.com/98c8c6f4011a73f3f54d9f906f4d9f92b48c55babb9390cdf24f6cf7d1229d5f.js]
[js.rbxcdn.com/b6b68b988bdb8976a88c93b34734721446ab33e60d1c3bee011c4a6bee084fce.js]
[js.rbxcdn.com/abe9690f9a3a40522cc4b0cd9bf08ad3ef4a1d9e4f3952fedb7fdc513fc3f261.js]
[js.rbxcdn.com/4263faedbb5f741c6ef6628bcd46c851efb2e2fd258506cff837f12aa164d53e.js]
[js.rbxcdn.com/67b62c1b4f0518d7cbe6dfb245cade0dd62101bf90c19bf6c333d9d1950c0262.js]
[js.rbxcdn.com/6ff58dd8005ca51fc31d72e83cea3b5b24fb4083ad9f188c790124c120aa1f37.js]
[js.rbxcdn.com/cf6005f5ad83c593cc41ef6365aa9490f4658e9d06235c45bd45d421a458de2d.js]
[js.rbxcdn.com/5531557408cb953a0a08b7af2f850d8c8b74f1bc285116c50411e49746143884.js]
[js.rbxcdn.com/5d4d06dcd4d8f4b394005d2272dcb26e1a21a1026c245b770cb46873a31c350d.js]
[js.rbxcdn.com/8295339c68e2757301767306c6a83e2974739534425f66a3649655e311d8078e.js]
[js.rbxcdn.com/aa2a33155856a94f542738a0c7edb382ffdbc11c4fd74092b68f88a46b9db4bb.js]
[js.rbxcdn.com/219dd82a6914bb63c732ee121d94c61a7deb97edbeb00cba648b7f0b2915a2e7.js]
[js.rbxcdn.com/3d74cee6e11ddbf405b238cfbc5ae3b4bb07db32f567944ebf0c546123a8139b.js]
[js.rbxcdn.com/4ec37e41945d335ce0fb78174ab9f8a9d2af897d267e972821d1677f3b1e08f5.js]
[js.rbxcdn.com/0815daa22c6d34b3577b00f963aafff318b5c2b67e07771abf1ae6c458625ba1.js]
[js.rbxcdn.com/5dc0faf084782fd5bd702d32e49870d283d62da572862cfe6584cd387fa16c6c.js]
[js.rbxcdn.com/d9e527256ad06edb354a2585fd8ebf44702fc7d834fdd9cab3183e083bd56b8e.js]
[js.rbxcdn.com/70cf452780968e92ac27ca94bf08a1a43aa18bb78d34e72ec2c26b90013ad317.js]
[js.rbxcdn.com/ade46c3fdd533ab17adff2a8bd5c75f96219a0fb59478eb574dcaa85259af7eb.js]
[js.rbxcdn.com/3500f1a943bd652492dcdaf9189361bd844aaad0af3ca4bb72290f2ef113ff1e.js]
[js.rbxcdn.com/be1f3bd3013530a3765dbb4ff7a002ea02925e1837d41d4e9eef1f73194cffe7.js]
[js.rbxcdn.com/21d979538e043f9785c0bfa7da4170d5ad24c287bc22f1f4fb83365266c8173e.js]
[js.rbxcdn.com/7a9acb2e6540834cc9929f9b092a2081120f5a1dcd2bf161b47ec6163e90af5e.js]
[js.rbxcdn.com/933cfc622826e74c48e766ac485fd42db4084a002737b98033cff9bbe9b0abc5.js]
[js.rbxcdn.com/f37c7332b585902c3e74b2fad10889faa36602c990957cdcf651248bfa630492.js]
[js.rbxcdn.com/9e031014403ac624f95de1b287287fc9d12718fd4b908c45608bedc4ab8466f0.js]
[js.rbxcdn.com/7b776c9d15bf1502e773dce53f7d13631eb2706740c850efbf7d83c5792e58af.js]
[js.rbxcdn.com/4f8d72ec9608a1adc17a5cece169216388350045214b58511793d0225ce9ee60.js]
[js.rbxcdn.com/52b41e3b9c8b7b929bd8975935d71f3b4fcf13bdef404fb93562b156c9b06ba7.js]
[js.rbxcdn.com/5718624e364dceb1e1d8e9b51212d35075548b4484f5a5349eb73ca282465ff8.js]
[js.rbxcdn.com/00c4460c65fc52e73bbe4262d081eefd0826a8e0ee5a9b64ae9428d98343e5e2.js]
[js.rbxcdn.com/b208957f6419fe7d3c9e198f1dd933bb937d3478fe4bd053722403705773e488.js]
[js.rbxcdn.com/78054172a40ed563dda922319fdaa4f850f7d1f48e48d1412a4972ba1fa8662f.js]
[js.rbxcdn.com/d7787a753907e56ffea57947349268a946923244942d673a19923bf041257873.js]
[www.roblox.com/ja/login.html]
[js.rbxcdn.com/61d93cbc3a3a9dbc7ba33779aee34863.js]
[js.rbxcdn.com/90a34279ba760cdd2c2ec31f51be42f5.js]
[js.rbxcdn.com/32e12789ccafe596d625079d1b7080145d81b1b0ae3de85f760f71fb1eb3048e.js]
[js.rbxcdn.com/a2bb031bdefa00ebceeb9d54c0c62e5506cf31e90d908302a710b69952d9ed6c.js]
[js.rbxcdn.com/058bb61d96d52d6c0453c5c102350a4803b57a37b05af01f641ddeb5c520a13b.js]
[js.rbxcdn.com/261d66affea60c9eefdbfe308023e755ad1d96691022b5d95a1092dc77baaf1a.js]
[js.rbxcdn.com/6f99039a3ad802208febc4176e48fe8434d1591d9790bf13c5c2b9c34e91763c.js]
[js.rbxcdn.com/3704e8bef5f30f8683b656d3c34452f266befc96a78357f9bdfb99921945eb42.js]
[js.rbxcdn.com/7571d6a2ca08253e58827b48b19dae746b5833b51dde9202b516f70cd1dd5af5.js]
[js.rbxcdn.com/0842f102557091114ba5d3a7014d47b619220827f9cd09c5fed9a45907de5a62.js]
[js.rbxcdn.com/70f45a793954aa5dad5d1351b7888650e166d08e9834692ceace62dff6cdd17f.js]
[js.rbxcdn.com/62131891f7ae3657820caeb1b587ab907eb80c1c8de68eeb930b19be59366809.js]
[js.rbxcdn.com/26c259d16586f761d9c15138cdce1bd935774a0d4c9a72f9e397b18b145636b6.js]
[js.rbxcdn.com/bac2ea0931489ec248708bcb78ccdf8d0cc73a6e9f7b2e980a1e40dc49374544.js]
[js.rbxcdn.com/50e2962e846a80d81cc78c3a4311a0b5f83604d2465bd9839562dd14559e50e1.js]
[js.rbxcdn.com/4be3ac039b579d88e515b26b00d3ff46dac1b9010b62c73c7d6618ecc27c7b8b.js]
[js.rbxcdn.com/1c55debac89319672c484194d58c370b9460f99322966f5529ab6b4ecb0c2a18.js]
[js.rbxcdn.com/2f4897384945b991317fb8246451b1f8f8cc0e35f6b00a8f357cfab358fa719b.js]
[js.rbxcdn.com/81f900bcd52c7044b68e317f1cbdec047a98eda725e191ac851b101d336dfbc3.js]
[js.rbxcdn.com/36c0cda66b4471a515346fd702a98f2aaf9a3a478f511be367b7073cd988733f.js]
[js.rbxcdn.com/fc2fcdcc68fa38425cec1b7ff4cf2be079b59acf4283b4f8ef711e801344215b.js]
[js.rbxcdn.com/8de9e592d970cbfe9c5b41b1116cf921ec43fe307b8b5353cd37dd6a1ac7c762.js]
[js.rbxcdn.com/a61ce46f5fb4307e7e9cddc78ad934cd69e7bf2a2354017b024848945998b169.js]
[js.rbxcdn.com/6e0226e66911a82387f41e60d5809cfd01e2d1538fc584b5db303f7823d8c9bd.js]
[js.rbxcdn.com/e04300318b144c4d474080cdfc0dffce3da3a50ac401540483a02fac541522f7.js]
[js.rbxcdn.com/e533e7eed2ae488b0bc22959339b5d897cb04249c5a6d9554ab702f40acf51bb.js]
[js.rbxcdn.com/add87839d46c03d80ee014f866d16508ff976837edf9b58c093cbb99a6bdb407.js]
[js.rbxcdn.com/a046e1e2a295ea7041c105fdc3b2d90298d2df5469d6d6e0db5ce3fb44689d5e.js]
[js.rbxcdn.com/5c7c8560b9843a9b42afb7461980dbd8f21d89b309d456a820fa9373bc29925c.js]
[js.rbxcdn.com/42988647b1e7074434c8ef85f0271045cbff91a436c43aec0754ae366167e39c.js]
[js.rbxcdn.com/00e615c6b4c75f0e3df6781a269bf2ce0c94e1eefc067571b092f8f659ba0a76.js]
[js.rbxcdn.com/d8819bdf4e5a4a7ecfc3ff50b4e0ac0672d8f97910e84aad16bfa65dd0b17a55.js]
[js.rbxcdn.com/d9d2008b984cf0908ee044bab0b1bd94dc10ef85a70bf38ffcc96715570a6157.js]
[js.rbxcdn.com/61d8173d326e27a90eb3e7850aa1fffd740df4fb830da4f99402bc4c78691e60.js]
[js.rbxcdn.com/0ebe0859b2ef8acd4cb986118b84a1edbd38f879be320a2398fdd0b6f9eaf73e.js]
[js.rbxcdn.com/2161fc1a76e67acd7000a8341901b06ff84daaf0503ab1b4fd11386426628af5.js]
[js.rbxcdn.com/f9a7b45d91edcca6635accd40078a4af8e41855f50cfe40054629f401b668a23.js]
[js.rbxcdn.com/3e8632cc4c44ffcc5fb025f66782d41b83c9c074db8ce24be4cb4168feedf0ae.js]
[js.rbxcdn.com/c5a82e9cde1686a36315799408ca635830218f6a4dde103c4abf707e7f55a6cd.js]
[js.rbxcdn.com/9e9db509ad2af1a14eda88c1cf979a866d192427c135110ecdfbd4a4176daba3.js]
[js.rbxcdn.com/41b331efd7c24a6a1e815202903032ab16644605ddc877c978a84da6c058a5c3.js]
[js.rbxcdn.com/e11b5bd3f9e2bd46b79a870b94577acd07e23abd1970d02f2b7803cc6d40183a.js]
[js.rbxcdn.com/2f6c6ee0db121f92fbac49ea6eaf3dfe288862e4ef8eba6db877bbae5102bf70.js]
[js.rbxcdn.com/27f93333fa5c42b53c0ac63af5637e3a3e386dabb5eb1c5823351fac416b7332.js]
[js.rbxcdn.com/bf124fbc8f4516ea641c4877a48bd60c2e0911d6e1f42f7110111f181b24bc84.js]
[js.rbxcdn.com/9151cb4eab75dca1a184281fc9431d7d7e5a8f661dbc3da7a19f3f6e347a2852.js]
[js.rbxcdn.com/5eebb591c7f666d8998a6f2667a2b3e41f1794b78252b96c40f92d4c5e68a917.js]
[js.rbxcdn.com/d23b583f14fe014c5bee3654f43b1a4ded4f3e0d5220f668d258d97bfd0b6fb2.js]
[js.rbxcdn.com/6b7f060e6dee0c7dc239c3c79b6f2dacb4061ad549b9e1c52301d107aa54a61f.js]
[js.rbxcdn.com/96aa5f8c469dbbf5fc38150a8c2a165b8e07d378ff525bdaded6d65cc228c3f2.js]
[js.rbxcdn.com/638c0cc6d86cb0e082a97ac6bae953e213c2d1cf06302af9aab94d01d7d5cc81.js]
[js.rbxcdn.com/d9c8bf45bc001638faa23c51f70c5eed73470e00a986df7e923c32b9a48352cc.js]
[js.rbxcdn.com/d17d8ede02d2d7162ef54a793cd2926567e7123332b8faa09f5954c17a25e0bb.js]
[js.rbxcdn.com/aa5c61ec1e1780104af106b604b7e328bf4ed59656dfb2d9b4ffdad4b3b735a1.js]
[js.rbxcdn.com/64faf0082e63c2abe8d7ab5eed72ae4f9a4c2bcbded2788ff833787f71558543.js]
[js.rbxcdn.com/a9f593a0fb67f0ed4c9fefea404d1f41d47e98181208297879c4737b70a9000a.js]
[js.rbxcdn.com/300ffc1b08ddd62416a27c5cf7d3198cf86fd77a508b3e6d38a6e9632ecebe33.js]
[js.rbxcdn.com/21a4e71bc172ed44f3aeba5d0878a27d57400041cb931b6e4b34d8d0a901e348.js]
[js.rbxcdn.com/2922401b4436b82b4158fd5cb4e217e8c9bdfb446c255d5696db840e6e518f56.js]
[www.roblox.com/ko/login.html]
[js.rbxcdn.com/8e7004d7a2c55960bc226932e8330dbc.js]
[js.rbxcdn.com/b4f13f0c335dba3f720c82b9e7d88fef.js]
[js.rbxcdn.com/1b85dc6c59eaff30471d5b5a340b44dccc7c080f4b1d89f12c170db1e1c2aacd.js]
[js.rbxcdn.com/2ee925a7310d368c85d9588f00444200af335b519d42e08126359df9a7ef8d49.js]
[js.rbxcdn.com/8f4088b923468107ae5eb38e4ca0d2a763a5d4f309074ea8b4e7b3d93833ce40.js]
[js.rbxcdn.com/2bb728c27f7a44a594e4f333a823026179033fa30b105638629e640eba318479.js]
[js.rbxcdn.com/2c921fd04c6660f1abda41202866b463da38739cf6d8c23300f2ade107b7c101.js]
[js.rbxcdn.com/8c0a348778917e499d85b3ef9ca0a3e5100ea6c71f686a3b08d557288f7004e5.js]
[js.rbxcdn.com/36091f9ab2b4d0cc91561be0748a7e946daa322d664faf7ec06e0f41d4ec2dcf.js]
[js.rbxcdn.com/8e73df48f5efb95a46533837a9d14553493a9169d6bac0eb437ff613232cb53b.js]
[js.rbxcdn.com/0ede667c5b19e3914576e8dac11b9c4cda0330c2d0e1219ce19073dd15c76964.js]
[js.rbxcdn.com/9202548de0925336f9a9f046d4d38cc0364349c62582244d51a56d10d1d445ae.js]
[js.rbxcdn.com/6f6019dab250d73bff623d3996bebae275c5a701cfb3cce8fddf0342b76122b3.js]
[js.rbxcdn.com/edfb6a03f3e212e248792fa579972589281b28431e102db3fc62429972458458.js]
[js.rbxcdn.com/b9d5c6f800332e2aa8f7c51a0570f3446d45b02da99b4e57fc4806eca90d1b7f.js]
[js.rbxcdn.com/69869bb147a448b317d7e55ffc8f7a160a7b6844d7fb0cfe61e7866ca7742ba7.js]
[js.rbxcdn.com/197713438ce3751d4ad7d831947bca93dca3fb4e63172fb8d41645ac5d72296a.js]
[js.rbxcdn.com/5f485f61d20ee4584617e60d610b413acb397e1a2eb87054b638d3c47a7d98a8.js]
[js.rbxcdn.com/19cc0539d0fdcf88f0c6a23af93e9f341f13d47eb183b4a20987ab76e830d88b.js]
[js.rbxcdn.com/a18eef03595ba7815e009409b7583d08edf1be3959ea68775b650e1bc5aa5d98.js]
[js.rbxcdn.com/a0957bdee25c0cd0eb6f3e4f872966d203fbf473e3e750d69b00806d0a38029d.js]
[js.rbxcdn.com/c08e1167db6111828e3374580f38d72d97634c64792cc03b26769b897e723a7e.js]
[js.rbxcdn.com/6da8ad4c150f0f1bf96ee955670e5ba2567f3567e4198d29cd2fae6ab278dae0.js]
[js.rbxcdn.com/008a221ada25a448421d953219fb97927fc3f3fbe6cb373308f26b82be946497.js]
[js.rbxcdn.com/604fe890b0aca3aad22e602fc00035f0a215fd8ba80442f7de1b49316c5c5f12.js]
[js.rbxcdn.com/c98ffc68bd433c09517ab0ddbb3ad4c13f29bdb1c163436f87588e0d7a4d07e0.js]
[js.rbxcdn.com/40dda6ae5d804dc7fca8c7293e6c23a20e92466d7f3f29326dbd0a3cb903bc23.js]
[js.rbxcdn.com/220a0e24504cf1cedb13c59d0e02ae8c51c37e43a1325be17c8b4424f752a287.js]
[js.rbxcdn.com/602c87b02126e5db6f687110ce5c2af34eea88a49c5c5fef558ec80bc00f2dac.js]
[js.rbxcdn.com/e19cea4651b07b04fe63bc1fcec0f99337430edc349d8010e58272f4ab1333dd.js]
[js.rbxcdn.com/4d133a340932c31865f52482b98cad0ad4789924411e1748d8781e5b785fdd79.js]
[js.rbxcdn.com/e24bfd16fcacc9cd1e85979c337c689d33f830ccb9ada5e307064d04a8b6954f.js]
[js.rbxcdn.com/63431ea511ee8c63ef1642dae59eecb7a150146afa955986db8cc33b43331e3f.js]
[js.rbxcdn.com/cfd67f53deb020479c56de60d2a23d4115a0c1cc7191feeb81bb81b3a5b28b1f.js]
[js.rbxcdn.com/86374fd90f465c8e1b996affbff973582b6499d23bcddfd106d26c23a33e6a6a.js]
[js.rbxcdn.com/aaea5fe7710eddd3ef4ffe8637e3db3ee349e54829642d7080c6b287081afbfb.js]
[js.rbxcdn.com/815232108ecdc04eac324c51e5a81194fd4f8c4271b935c0935c85b458bf5fc7.js]
[js.rbxcdn.com/f3c0ab0faccdb791670b2d59f566f627d5a856e45a65fb84dc4a7e310a6e290f.js]
[js.rbxcdn.com/1704bb390bd67438230b467ed68ade70ae20022f524cd9712d075e3705713034.js]
[js.rbxcdn.com/48f36124893e95211cdd531a21da3c69ba21898268e2d68bea7d7d17def3639c.js]
[js.rbxcdn.com/f81aa945a1c7a1cc42729e5816000e3c611ea360e808ee93858b2ae47846d276.js]
[js.rbxcdn.com/1cc36139f237da0b4d1eb37032bec4af58fedbf9b5802c91d8439a2d7f854eae.js]
[js.rbxcdn.com/d9342f7f801a77554a931987f69cf65b83dcc72fd5a4301f3e324f00aeefad4e.js]
[js.rbxcdn.com/b9ed01703e94dfde11d7a8d91c8807cd3bc3395db4ee8ed4d50397aa84dcd209.js]
[js.rbxcdn.com/8cf4adaebb1ce96c75b3ca985e783ef33607dde50a4222c062ce2753703eb072.js]
[js.rbxcdn.com/3208e57d071aa0729db8bb4af86acbffc53ac441e6a01aa7c597109999cc2dd0.js]
[js.rbxcdn.com/6c13ae8ecfab400d7a7b42b2f50426832f39c820499ab78d262222555171b365.js]
[js.rbxcdn.com/f073ee93f81095a20de7f1eae216c2346c29739584178152a872f9e0c8f3d70c.js]
[js.rbxcdn.com/3557ff3d8c6f32c298ea384a77008df8bfcbaa3d8affd55d9fa177bd5eb5e209.js]
[js.rbxcdn.com/d2f912336add3216a0f6f2df9e38b5cf74ee98eef65cbd16092d8fb75c1cb80c.js]
[js.rbxcdn.com/500ced01a2196afbf60274599343e81064e9c8e64af624ee93e80db432e51e7e.js]
[js.rbxcdn.com/c73c01edf7a3c6ee85449c2815ce22754dd664f342a74beb662e995c4e5424a3.js]
[js.rbxcdn.com/653647385e826800a59932044c2f0af823a011b62723a5a80c580e7f57304c28.js]
[js.rbxcdn.com/4664cfba921e2ba8ce60cb59a690b407ace3b2d0dff9663732828b43f8bc35d2.js]
[js.rbxcdn.com/d914f474b10a04f058d0d36a51d1b4b5766d38b763dcc6cbbc86a4ea5a87eda2.js]
[js.rbxcdn.com/8743413ad92a871bf2466934ddef249d400f75fbf00e3a38b3f1511a37bf57ab.js]
[js.rbxcdn.com/e6e36d1b094296c1e5b67fb7b11c12a658dbc76ab07ff39968fa4944c0a3037f.js]
[js.rbxcdn.com/555b1a2e51a6b3df13249df4f9ec6289a89ad1f3f4a018a4d7fd7e479b2a441c.js]
[js.rbxcdn.com/6940f9845a8a16e06893e786a1b27775cc54907a8f96b134fc6d5d01670bfbf2.js]
[www.roblox.com/pl/login.html]
[js.rbxcdn.com/b64d43a6750b293cc41fb2d6f6376362.js]
[js.rbxcdn.com/aaa62192ee9719f7bcd9b94946a578c3.js]
[js.rbxcdn.com/713170a7075d9fb4034eedf9656ad1193091513e170f6bca1ab52db7a7c350fa.js]
[js.rbxcdn.com/50be1f0c37e48a67efba9f0cdeb592401eda652e82b66a4aa0750be8184cc428.js]
[js.rbxcdn.com/5641ae27ddab8c9b2d8cad6809284fa4d2231b18679eff2f73df9ebe644ddd43.js]
[js.rbxcdn.com/202aa1199ab3992a6a90a949fe9048a879bfa70eaf3c30025acd22e20b0b2f6e.js]
[js.rbxcdn.com/a2ead687482159cf0d72219853ef73db330377ff23bad5feaebe158f914fd0ac.js]
[js.rbxcdn.com/8516810789259d6ccad0c5ce6af6ef94fb856e1f70f03e176c90d06fda5760ca.js]
[js.rbxcdn.com/e897c56ee9e4cae2393b3b745c5ee7307d97de885dd5ee0bf6b8766193ce83ae.js]
[js.rbxcdn.com/925f005a3f12f490398629f07657ff262e88f6e0f83994b4cb4c519757f5e78b.js]
[js.rbxcdn.com/f86e6a18090a52fc167dab7eace5ffa55d32b8a09295d49cf6e360ad0703c72d.js]
[js.rbxcdn.com/f37b2096e26d78aaf64b063195649475c98e4267ccc2427a0aac10128a338c85.js]
[js.rbxcdn.com/fb2486d6bb6eb130b645cd0c73d6aa1ac17fc1474659936abeec87575063c52d.js]
[js.rbxcdn.com/cdb7121274c47696b7875d463aed9ebc8c326e666ab3f5dfabec9bea873c3171.js]
[js.rbxcdn.com/78ddd0c1843ce4fec0538db84966843d81ade9c3069e693cbec48563fcfa6f50.js]
[js.rbxcdn.com/493bc738dad047d240866c86eaf3b8a85383f81dec9bf5c3d3cf3e17bce052e5.js]
[js.rbxcdn.com/b8c1a90be40d3d311cc3d86a76918faeafb0e36c63a60a09c1098b82e1462f52.js]
[js.rbxcdn.com/dea5c6984790c09c6aacf9e31fbd34d71021c062ecb07b7b4bc327bd1a7031aa.js]
[js.rbxcdn.com/15810174fb03e738158f354091597831f99ebf559d905786758f563c0dac16f1.js]
[js.rbxcdn.com/07ec3c17d9db41e5a46b32f11fd18e03c3d0c871d248f6ce10c5eeb7afbe4940.js]
[js.rbxcdn.com/b20087dd51046ec4a801d34df47ea07805dfe2c0ab25831518ad0287973244f9.js]
[js.rbxcdn.com/d8a91c9b590ccce468618b335d71809e4571c1efa2894fdf3fe78e07e33d43d8.js]
[js.rbxcdn.com/5db52cbc9413368076fa6911e5297c6d691625fd5a4c7703c1b9fcad3ad0959f.js]
[js.rbxcdn.com/eb95172e9dc579ebec84dc0eba2caf82b90d9cedfb6eda4333c31df24904ba42.js]
[js.rbxcdn.com/34e508bd03b6ebb95f1a5a2e38ec3f0f7186ac7700d456ffc8f035863e949a90.js]
[js.rbxcdn.com/8d2c2d698ee310171ae28b227d5fd43f24953471c5058335b33bef16c1cc5ae2.js]
[js.rbxcdn.com/3f8be1eeabc3416dc24d9771382fa2c8ef5e9e536922c758048687223cc3a663.js]
[js.rbxcdn.com/f5ef9eaf6405ae36b8e113a61599e0ef3de07d527640dab37fd00a5c694eec6c.js]
[js.rbxcdn.com/3aa9953250d05d1ecee833cc7dca6fcb36cd467c49c2a25005b6a5addb7129fe.js]
[js.rbxcdn.com/ec7bbda0aae8a07adc512b465989326cb7e1433d3e1504718a4465c3499dc05e.js]
[js.rbxcdn.com/1ee191f7bc4425c7e4d49ad4a9393fa6b936573adcb96e23965ea71910052d8b.js]
[js.rbxcdn.com/805eba6b99df0df3f18fd4ec5ae131141b68cdd584740662fac6596b7a936dd2.js]
[js.rbxcdn.com/eb9c7f252d24b86a504e1048a89d7e03b2718523e472d96e9faed8e4d93e1da0.js]
[js.rbxcdn.com/038798463d1ff60432a72004630c67833da32276f3548eff6aef43c7099e10d4.js]
[js.rbxcdn.com/0789b86cc80ac16b5715990b50ce9b141bb0bfde6f8ee0643dd713238684b42c.js]
[js.rbxcdn.com/13448226e49582dfaa133a5dac5bc5afe7fb03774e30fea32358d5265036394d.js]
[js.rbxcdn.com/d3793ee70958bd83516d42bf4e7ab7e0996a9d29c603811128cc6eb2635de32f.js]
[js.rbxcdn.com/a3863dd272ca2c4b9e9bbebd52db532d9c5425082bf5bf9ba6dd17b7bf99d9bd.js]
[js.rbxcdn.com/c9bb97cdb6dd768daeab5881814fe8813612a6f89031071fc3c0a01f948d1f35.js]
[js.rbxcdn.com/2f6211ec860a7fe1c8bc9a997433ddd126b7943cfe8b89a6c7dc91b9f1810c52.js]
[js.rbxcdn.com/8dae596b0ec4033bd2d0efdf1f7d7e6cc73c492e4e010dcd8af0014256dfc82f.js]
[js.rbxcdn.com/16d2b5003c84f8c3ea1405f31cf6bd7cbaf4d3775286c405a3be545f5e9e4eaa.js]
[js.rbxcdn.com/b535932dc35cead1545a7e2418a5772fa3015bf9757900073cd813a81a279e48.js]
[js.rbxcdn.com/b50b0e621323dd41917e6f99e1b84b6b4c66e3ac43b6b0c22a7a579dece969de.js]
[js.rbxcdn.com/01ebdc99b60791ddfcfe8ea1c55f4b2651749d807ffe295824153b17b72a9aff.js]
[js.rbxcdn.com/43e550877ddf7eb3687ff6f6055616b5db593039c14c16d2ef04ce7e9d9ee495.js]
[js.rbxcdn.com/3c6910b65cbb036f804951c040e183a38c3549e9b7439af81ee33c5c8b7c56ef.js]
[js.rbxcdn.com/3ff9a9c193b33aa5b09eb7e0957bcb4244207215a11043d4077f79e7063a6887.js]
[js.rbxcdn.com/5a59883d8c99c73e76f668bd5b74f9163421de10b5d5d6f244cd1f3e24791bd7.js]
[js.rbxcdn.com/f6b2d7f321b3f833ef1b17d93aad1b28a0edcf3c7fa48b9dfcd2a348bdb659c0.js]
[js.rbxcdn.com/d17cd150a1ebc411fb219b94fb51fbc3badab641ddc1595dff970ee18a338ce7.js]
[js.rbxcdn.com/17719d3438c7b9384b9dbf3fcef407dfb6292370de8e18d5dc228c082f2b4a95.js]
[js.rbxcdn.com/1f95e542051a3df67dc5c09dfa00a52c44a4303cc2af2f4ab8114cad9e422c60.js]
[js.rbxcdn.com/a482f82053a3b77f23cccc48ce27cc6d86030375dc3f626e68bdd7030362f139.js]
[js.rbxcdn.com/4c148a699c6cd3f92b6a14130042f4be5a37b17dc5a0eb3293a186c73199102d.js]
[js.rbxcdn.com/4bdc43bf1fffde7e955ce345fe9c4114aac0d64cc7890e89fc9e6eb78976047e.js]
[js.rbxcdn.com/eba65ee4b57569fe70cbfcfa3e89589176df362b90c3d70645b36484f634f38b.js]
[js.rbxcdn.com/c0dfbfc3db4bf688ef1490210195ee426c1a2f1104f6c44b5f6cbeb236fb9d4f.js]
[js.rbxcdn.com/7e530849d54cc6afe10b07f3f1b88e05cbc15bdaec396b290662b43e06d6a0d9.js]
[www.roblox.com/pt/login.html]
[js.rbxcdn.com/dfd28e86e7aab2754423b48c3c88d53c.js]
[js.rbxcdn.com/076965e2a705d67258b6d90d3514011b.js]
[js.rbxcdn.com/d66a807e14e22783d660812c655b17b20359743796a68bf6ebaedcbdc863321d.js]
[js.rbxcdn.com/f3010c9de20c2dd5a675f34c3c35d0bf7cd808099efa82eba8c50863a3f79eb7.js]
[js.rbxcdn.com/c2194890e85477fe32e609011df0237488a1f1b297b82a2e6d0917d4d2278f0b.js]
[js.rbxcdn.com/a997da6d214e54d59b918e90930705f7c551122dd4dc90d546ba7cd5e7a0efa1.js]
[js.rbxcdn.com/cd978df294ecfd1a2f8a6b719983684d0d9ed7373b01811a13ca15092bd273f3.js]
[js.rbxcdn.com/599ef61a37bdd6df50d707f61878f63c226d080a7dcd4360d4c769c688aa0a4a.js]
[js.rbxcdn.com/c1a8a84f85a48213a499720b313a9163ecb23706f5b55b0278c25920d3569860.js]
[js.rbxcdn.com/1d209b159810149ac26fd32bdc98ff8256acee29f0cdbe91003d7541ad5b0a7d.js]
[js.rbxcdn.com/48c37d6dfbf7b5242d1028961486ad0e7b46b2f2ddf67edcb852a627ff93f47b.js]
[js.rbxcdn.com/95cf41550b7ec508ea81d86792399f96f68f53615b3f4bcba52e681a00c6c66d.js]
[js.rbxcdn.com/88c8b2aacc6767d530577b6dfcfe8dc718ab9dc177bdac68be16c12db45e54c9.js]
[js.rbxcdn.com/5e5b4c5436711277f47a066829a998de436687e0c12917a3d81ccf30d860fd25.js]
[js.rbxcdn.com/8390060616b4a43f158ef95bb4e62ca538e9f9b045f795bd404afa9f69161dd8.js]
[js.rbxcdn.com/a69afc9c3b52b2c2496da62fba729b46f9d7ffdbec30aefb89b46172d3313f04.js]
[js.rbxcdn.com/ef2e4fcdb73af0ff6a1ec8f7a40e6cb991af2aacd81d3e078553bfc33923c184.js]
[js.rbxcdn.com/0bae2836dbd73c216db1146878672aaa6130cddc20a52a79dda9d29b162c9497.js]
[js.rbxcdn.com/f851fed85d0146b2dd2c4cc52bfeb485c799fcf8ba0f26b7f688dc4ebce97b33.js]
[js.rbxcdn.com/26ed81de4c74a326e55b9496808d575627f49ad3125008ec6cc1f8be12f2483a.js]
[js.rbxcdn.com/6eed794c5ead66a0374a6ac1eb60137571ee96d7e978c30fa5146cb6b949d0a1.js]
[js.rbxcdn.com/8872dcdb57f63fd8a7970a66e2eab80ee6e0a766d46e67e464bde76e8c17881c.js]
[js.rbxcdn.com/a1b7e7d1290a2469e43ea96427b12ecb8aead6aa9afc38f23c3d05bd95df997a.js]
[js.rbxcdn.com/26a8b1c4f0e9f65407ad9c4afba717d0cc1933fccf9624f4e420d156eb94cecb.js]
[js.rbxcdn.com/2aa9952bd50456b4aabdd90800f81daee899235c9a827669880f500c22a982d5.js]
[js.rbxcdn.com/03b5a0add308659f0d24fefafe8c84d566c4c777fb260fccfef361999981bfd6.js]
[js.rbxcdn.com/f62c18388d93c8a0395ec3651913e150150bc6da7c0ab9366d4f4c5bf26d9897.js]
[js.rbxcdn.com/79b18b9bb53ce37bafee16f8fe5c9a5f98557fa2d6e59da061b92efbd2dcc05e.js]
[js.rbxcdn.com/7d0178e4ff542d17745248601f9ce3926e1f6de2ca7e5319e9bfbf16e5ad5464.js]
[js.rbxcdn.com/5860c984127353ec356d0a6bc2f7eaa2ffbe1cfe738d7aca92635332ba42ae9d.js]
[js.rbxcdn.com/7cafc010fa2505f7d48ba7d27e986964eb3cc576b485e67515a7f699784af0b7.js]
[js.rbxcdn.com/1e7890a9f13c7146fe5893995a5da92184aa56ec7d7502b125677bf88da922cd.js]
[js.rbxcdn.com/ed94a1c2b127c7918a580e473c64ebca6b8f23790e6b65c9c44c1576f5e5e948.js]
[js.rbxcdn.com/d9a5bbc01aa4c845df58390be1658b1cc458b856be97683d0d8462c6ecec2e4b.js]
[js.rbxcdn.com/9914b06d5927eca199a432fc8261665b74b05d9fac129b6d9b23797d295fe697.js]
[js.rbxcdn.com/5cbf4fb0ea2bef4461f841e6727a0d95724aebaece834c8d17df96968a0ebb8f.js]
[js.rbxcdn.com/d2f32acca6873524a53b339e3582fe726b5d434ac6e5b31aca19d71eaef820da.js]
[js.rbxcdn.com/2201e0b7d6f0a1f9ea26156595f3d97b01906507f2a7d69d7df701c14e99d795.js]
[js.rbxcdn.com/b7355c5b3a13baab25cddf27447ef5926a41a57eb5c8652ead713c6f182f5b92.js]
[js.rbxcdn.com/f4642ddaf95d07d188fd32787b0e83f756b62212e5fa7a430007f3714afe2375.js]
[js.rbxcdn.com/1dd0e50bc149b747515f10a585b58fb2f7c7923fef0d2dd53974335535db5017.js]
[js.rbxcdn.com/7025c9bcd2814760e76c846e602652017f9bb02eb997f353f1f9a0669a839cdf.js]
[js.rbxcdn.com/7726b39082b65c0ee869af9a2d7ace86c1837e60e79abd5ed46d6c36ca4f64de.js]
[js.rbxcdn.com/9f4373d2ff421ea179a5274aeb02739a4cdfed769b8afa6fc35cb72badd574e4.js]
[js.rbxcdn.com/5e8e31aad0d74e27d620720f4e3fe353b69b9f52838d84941832d84412010330.js]
[js.rbxcdn.com/ce548aa22d03b577d1a23b6819c6fb123fa8901bb7997b250b440c0e0d0df69e.js]
[js.rbxcdn.com/1b78eb36cde420e5dc1ff68810760962449c7376e13ad56bdfd724907d41419c.js]
[js.rbxcdn.com/dff5be2dc36f9096df4a2daa3075f56dcf0fc7968aa4afcf2062b2f1e728479d.js]
[js.rbxcdn.com/135e5888066dce5e6fd9e2de12ec7976a67882149e7c92027076f7cbc5deb5ee.js]
[js.rbxcdn.com/8a30f181a8cee44e3a0985d84f2d9a34569e88a313bdb94aee8bd61171c3acaa.js]
[js.rbxcdn.com/e805f6ba3bced315fc0870cad58ced268afa24cdc25ea745367a386e1fd912b4.js]
[js.rbxcdn.com/a908a35fccda91648b809e2271234fc0e33b9ebca989e5d9ca13b68374a97bfe.js]
[js.rbxcdn.com/c7a5fd27bf6b382e2835916428097258ecf3a8c5d9ecb8ee8f065e426a38172c.js]
[js.rbxcdn.com/82b01aefdc2cb6dcbee7aa9b281b76cfa89e427cf3f1e8faa8dd00fa56ed80ff.js]
[js.rbxcdn.com/b147dc5a612bb34e580e5d42b2732ae8dcb809bf7058ecdf8aa82bb08fad88ac.js]
[js.rbxcdn.com/5ba98d155753ba58ae8c5935674ae365be113c86ec83f6021237154ffdee15bb.js]
[js.rbxcdn.com/d0527063dad7cabe156e66aad169ecada904ca2d9bef02c00cde151f2e8adebb.js]
[js.rbxcdn.com/6bb86924cd911e9890d977edcb2a989d652db41d79c026ca0a04a96d5dc24c93.js]
[js.rbxcdn.com/a9383b3a472b36233a858a16946ec046ac3ba28c4f1248943cc8e3b08bb1c1f4.js]
[www.roblox.com/th/login.html]
[js.rbxcdn.com/40edc3083950b2d380c315541498c16d.js]
[js.rbxcdn.com/e09287f253eeb50c10fa5ef97b623b9d.js]
[js.rbxcdn.com/8bf18513a8b088ffb324e014ffb5293e1885592bce6992b471b3c75fe111e3b1.js]
[js.rbxcdn.com/75f6f421b7f0d14340757f9c60176485e5159a7dbfb98d04951ad632b85d47a2.js]
[js.rbxcdn.com/e419f92b0614d8fdd6142e60d4d20152177b9ff1abe59a3236b6b5b672000795.js]
[js.rbxcdn.com/2d89d6ce2f226a4025197a5cea6b6a3fdbcba43b524ecbbcc28b65c2cb04c56e.js]
[js.rbxcdn.com/4fcc84518ffc09cd2d96a2424b4cac460bb013b93bd1286a7ab4cb8b5ceb3321.js]
[js.rbxcdn.com/570849cc89c05f429d67743bb006d29df8d0acfc58a7c1f2dfbc5da9eff7a89b.js]
[js.rbxcdn.com/288af432c27472ad5d9e35f8e03725fc3499e5facc25d27c9e05ade7f226531e.js]
[js.rbxcdn.com/8eaab5ab51e065e73bfe639f11d1b200128e23c2f524f4466db80cd2af5a9bf3.js]
[js.rbxcdn.com/98fab217a32c0767f10fe448f4b4abba61157a6f88516efb4b592fdbf4fd6506.js]
[js.rbxcdn.com/2c0abe4c67756a02500262f541a748af5a12ab854e5671d6d8f6ad92050efb16.js]
[js.rbxcdn.com/f9974a272d0480ff35b74586be2d96ae66f53427d59979677f10d45b4a9a5f3f.js]
[js.rbxcdn.com/fe8f06e2dabf2c4e7f9207d39c61fb98b63c14695998f4b8be78be763b2cd698.js]
[js.rbxcdn.com/c537906a6919f841cf6af4f96f9c23f1170eb44b3406726f6f714b53cb921dd6.js]
[js.rbxcdn.com/ba16ee8fee2bab2104126f732dd7684d602ec747957a0f2954e8c94ce73dc1de.js]
[js.rbxcdn.com/f892c9481a3c6fb092a63c347cef42de7796591a6737a904dbc1f519d1fccc2c.js]
[js.rbxcdn.com/075fc46a3315435e1ea88b0d3a2f6ae15cfe3ca19e59ccb0e9298aff6f5a6495.js]
[js.rbxcdn.com/3c93e06e44b36d3a40d22fef8c19aaa83ed95adc646634ce46ee769b5fc5ef16.js]
[js.rbxcdn.com/e4ac47295936f26ef55faf64a2acb47d0def0b7812517c18b437bb202035b77e.js]
[js.rbxcdn.com/714255145be91feee965d4abb5dfb1285c71575fac0ee1d318ca74e10e48b2e3.js]
[js.rbxcdn.com/13b760ac6c1dbf9cb5e36143b9ae3e0cc1de2bdda125c88012591b1140c8a3f3.js]
[js.rbxcdn.com/96b6e2485e9fa5356dbb804a709cfe2bbd4a265f7c9e3290fcd07aebd8c46280.js]
[js.rbxcdn.com/2442cf106a4beb2c2b93db55980724141292ea901867f448c95a38ea78ea6840.js]
[js.rbxcdn.com/d7cc005116c784ea419aef98b6fd408a349639e0dcba7331b73c217d1e657759.js]
[js.rbxcdn.com/dd7c7ba2bb35272eb80917dd3a67e42c21b2deac33d211b07e4c339bcee0284f.js]
[js.rbxcdn.com/0c31146d7204919a4dfb290a50ea1713daf3e2730f9cde9996727345ddfd4f11.js]
[js.rbxcdn.com/57777d69cd2d74e3e0d51ed6412cf33fdcc6b67d938ca241aef8ca892c3b0ded.js]
[js.rbxcdn.com/fcfa8ca0e0391ac71f7b094cc032a7fe5ce48e3a35d86b9ad0a159b26cb4420b.js]
[js.rbxcdn.com/05bfc00862ada22834158d3a8811274460073e0eb48cbf22431f651a6c83369f.js]
[js.rbxcdn.com/efdb87832210471c8ea62530d72136bf3ce552c44fcbf3db0ee09e61a6ec464a.js]
[js.rbxcdn.com/d97bfbabde84982271e279977bde2a968427715855397217e93962626aa1e22e.js]
[js.rbxcdn.com/76d69a847dc460ec8a2c2acbdb38ae3c8079f74957bec3e929fdc9e6b1367cf1.js]
[js.rbxcdn.com/a3e7c469aaf3f44bbb895fc570611a54e25429edd397042d4a5dac673f65912f.js]
[js.rbxcdn.com/50ee301540244ba0fe29e1a3142ff1653af0c60f63b8724b7290c6d6c00932be.js]
[js.rbxcdn.com/04285d1ee601bac7e3da9db5f50d01e4e05337d9566b7b8154cf347d7b8ffd88.js]
[js.rbxcdn.com/2702eef7262ce15c7bb4d93f2c70f2835fcb66e4a4a15ab4f8f82ce819be0bd3.js]
[js.rbxcdn.com/9ee83acb6fd6672534f1991ccf15e818f9a82ab41dbf3b73f3d923b5c5226f48.js]
[js.rbxcdn.com/6a992f7ccddb4a07642b2db7949143c307e376f36e925fccd4ecf286e63718e6.js]
[js.rbxcdn.com/e956396b04c56618d6a8611d8c6343ea4f4d1d6049fc0ec1b1e0a11836b42cd9.js]
[js.rbxcdn.com/abce6270e603a144873afbe2aed73a24291f031752c20927cbe829dd9b5f8150.js]
[js.rbxcdn.com/835dbbdd3565a9c534dedfcc1987a84bc30c9c81a9e5ec0d6b43b1dad9db0406.js]
[js.rbxcdn.com/389ade433ed39e248a1dc11714b3d3b3a7e9a86f0c25fd2efe213b5639ce933c.js]
[js.rbxcdn.com/60841ee1916d4f6a0db0262fe871b70fada358e44d4e7913ef7da03213a9ed26.js]
[js.rbxcdn.com/c29b6d1a9a9ac98d9cd3046863f8fd6706f2ecb4f6950b895ea4aeed64b1db1b.js]
[js.rbxcdn.com/cdaedfc81b157ec119caccc53477fb24d3789611ffc7d4fd6c3233b1c1ea2469.js]
[js.rbxcdn.com/8ce5cba2382d304a31abba2f55f47cf9f7058ee29f7a91f5cdf0a7476862b3dc.js]
[js.rbxcdn.com/47f76288fe0e6e94dd8ebb33f456be1f3bd38fa499f9e10f1478a921165da256.js]
[js.rbxcdn.com/99aed5fb0809423520aa703e5d94f20aa13cd726f239789d819912af20d2e9c3.js]
[js.rbxcdn.com/a521aa0c134f4098a1b59fe5ed30fcb2c18d8a1fb7ba8f2a583b85910ad8e178.js]
[js.rbxcdn.com/e177d11e073c28078f42826d486cab8f343a1a66eaf3516aa8bac5fb0afa1651.js]
[js.rbxcdn.com/50979c83c7f52427f14f731ed529302d9059015b1661354cf80771fe7947eb6b.js]
[js.rbxcdn.com/61d83b481d7110f601da2a7ea083c211dc9813dc7794266b2496340fe00ac205.js]
[js.rbxcdn.com/f809819999888f96f0ec97507a3e2b3bfa826c83d8dc21afd03aec733f24949d.js]
[js.rbxcdn.com/3fed9e132d8ff707122231f6695d1576fa93cf09cca28139ad4a79f6c3a47dcd.js]
[js.rbxcdn.com/0202c2d581d9e18ece4ad1a76ca7c4d25db4683a33c1f8f7b3d9628e892deeb8.js]
[js.rbxcdn.com/45612c823cea0d39e7f70f870872f0af3682d8fb4d946ee54d2d0daca9f14330.js]
[js.rbxcdn.com/0c83e75d7e12b81996a29f374ae23f27027a9fc83c8793197d193c2429eeeb9a.js]
[js.rbxcdn.com/3970de7cfb2921cb8c5153fdc7b8eadf94bb148ea717372b11708ca6354f95e9.js]
[www.roblox.com/tr/login.html]
[js.rbxcdn.com/83102027c6c3a2a7e37ceadd52e77597.js]
[js.rbxcdn.com/c2c83c84d4b515ff9e7c659da8d5ab10.js]
[js.rbxcdn.com/4df9bff0a95383269c0037f3d3ef51007d87e0cce9d2eda23489fe0811b594c7.js]
[js.rbxcdn.com/ffc333e8c6b552343f44fede9469f25acb48665859ce1610abd5db676f3edbd0.js]
[js.rbxcdn.com/36ce9c006fbdfa0e196528eb850ffd3270c2d91bd9a7e0b04e3a7fb4400b18c0.js]
[js.rbxcdn.com/4bba7df15aa8c04a99773dbdd4f9b4c5b550f3dec09e5c68b3d96a7d3465fe48.js]
[js.rbxcdn.com/5b80a57c6f3125eef185e49d9fb0a49c77c817017f12a31ba66edf4e716c5e9c.js]
[js.rbxcdn.com/a16a18b9b78028ebff5acaa7631f44ee83b503cd6a7b989adc17bbec359cd715.js]
[js.rbxcdn.com/349f60eb933c6b187748c3f8ed78ba230635cf530f006d99a5f2d8018008b181.js]
[js.rbxcdn.com/3072915dca54e825bebe8071c31ceb7f09610e673aa4fbeb94d7d8c55840cc9c.js]
[js.rbxcdn.com/b36d02d689b40dda9e2620e7795ce6910cd294ae084eba76375e5f5740f5c6c8.js]
[js.rbxcdn.com/01b1bd93c3dcfbe233b5c85829e4dad3d08f985f777c56b2f106bd817160616d.js]
[js.rbxcdn.com/210e9eb9689202f6b512302d94347c94466418b9931d45c9b6ed6d15888b2774.js]
[js.rbxcdn.com/534dc5c74f6fdb72dda81977faabefcd86d21e28e5016281eb49f06112a3a4fb.js]
[js.rbxcdn.com/f9a3555c7cb1a279ed138805305cfa848d279c0f49c95ad006016b2ad1b5927c.js]
[js.rbxcdn.com/163cf1ca7b517014fd5195f3e09950bae3fd36a178dc4e30d68d6ef499ff34c8.js]
[js.rbxcdn.com/03229119eb6d683e1f5a36357135cc7ca32adfaa9886e17554a1d8e90d4f18d6.js]
[js.rbxcdn.com/7200e8ce36278f3f280275b4dc44db63bca8c5ade64f5db33e55f4a59b5c52a4.js]
[js.rbxcdn.com/52608212a257d0d1c6303ee19c7120a5d32879db7c5c3b8589a982d931085961.js]
[js.rbxcdn.com/d5b2cc917ba839fff8d1a80aa7de7ad54412bcdbebd5407eeb729033ba965e6d.js]
[js.rbxcdn.com/882846d36516f98f7a4340cedd96873dc68a3ff164fae316a9715d1134e654c4.js]
[js.rbxcdn.com/4b239756dbc828f241361eadf7bc0684821b5d0e9dbaee3911a3738c10661c81.js]
[js.rbxcdn.com/3bfb0864632500ec93ced245e34da5b9a74306fd4c7358760de2875a4728fcd8.js]
[js.rbxcdn.com/77e8cb79d0451d5a677fad632cce811454be38a9e50572e1df026e69a296ed79.js]
[js.rbxcdn.com/58b6da67eeb12e224de4126a2881e32239dbf4015d2a9cd31846fe2dfa8dec23.js]
[js.rbxcdn.com/5ceeb2c2827d3a73c67826631d5911267473872e0d001981e09e15bfdfcd3632.js]
[js.rbxcdn.com/531f483d8287412a3f5cc3ada8e406b0d7b6056c1207d696acf32878d6b464bc.js]
[js.rbxcdn.com/faa2df5ef82fbe113738f407e899007ee2e9f6dc6ed572fca784f89e6c399be6.js]
[js.rbxcdn.com/ea601130657d16f2e7ab4d648c4a5b0a64fdc1849719b8ac97177252babea181.js]
[js.rbxcdn.com/f68bfe6992e062ef31134e8a11949981124551a5b087eded5c5176447bd81e4b.js]
[js.rbxcdn.com/d1bac7e52a6c30b8022301376248cf63c613903cc38d71926fc9dc535321627c.js]
[js.rbxcdn.com/82b52817fccf52ea16ebeee8ce117d802706b120f07b4bfa9b57328197e20175.js]
[js.rbxcdn.com/32a0cc9b95c2566629b06a59c7c85f82b209a3a45241ecf22b70b20e73566e73.js]
[js.rbxcdn.com/f11ac40bca4e1a29f350562c07026dfd9c124396ff77627346524e600e7222d3.js]
[js.rbxcdn.com/507f9bf77ed7a176e754dbb58bd496b0b69784caf0d0fb94a099c33260582181.js]
[js.rbxcdn.com/bb5e05326b93809b77cc03af9a3dcb809240cb4f1c4633bb2ee7d194c5f28d64.js]
[js.rbxcdn.com/a1f1a41f825392af94f386cb1b11700a6995fb1a9a2cce2bdb75d8e50e038106.js]
[js.rbxcdn.com/f50a8983de8379faaf5f7f0f53fe1618f0c1ed12651b6dccbe2333a038fd1d51.js]
[js.rbxcdn.com/333422c4a05389de38c58761a8f7fdc0d411c737eaeebe2b3e5889b8cba1aca8.js]
[js.rbxcdn.com/7f939a3101a2bd2473fe0730538a2357f8ba03b085fb3c5c53babdfd0617306e.js]
[js.rbxcdn.com/1c98f340a559f06b9b0d0a6288fa7332a3f5b93ba40797c1d1bd1fc06c0b33f1.js]
[js.rbxcdn.com/b0204fa05bcb2fe5fd924550a7599068ceb186701ef8e2deed954ef5631eeba7.js]
[js.rbxcdn.com/2cbd9e070023a4ba4b4a56732479cbcf2f7ae49864eccbd72657170451327340.js]
[js.rbxcdn.com/568eebd3af5d0eae6d362042b0f95930eef41d13f50a7171b62e92154c6b0624.js]
[js.rbxcdn.com/f3b52baaf559377f98011e6505d17a6d3c61238060a31d680df76a8bf84de4e8.js]
[js.rbxcdn.com/bebbb3e4343e4c122cfb255e0419dc946283e949e86728d09952f6031f964b75.js]
[js.rbxcdn.com/7d64a007e2eb820fd8c31ba273448fbaec2cf0c6370c8465775b5bd3f5eb8ecb.js]
[js.rbxcdn.com/b9541c62f4fd0b5871118f6fcfbd5d6d3d10f8a5793dfd3f154d1c3b57a6a882.js]
[js.rbxcdn.com/39ed41ee9b782b830cb2c78db8452d7a3dfdfaefe2e56c87646f1d184d5b16a0.js]
[js.rbxcdn.com/5ad81e7b2aab0c4c1ef76cb1998df7f5c1f9f2085c3a214b14219228b0419b70.js]
[js.rbxcdn.com/adf59bb0cf9829a3bf1252910e331f395b3fc648c689ce28c25ef6cec33c7420.js]
[js.rbxcdn.com/f89c67cbd56da7aaa5db336ffa771d091dec0b17d9d500a62fc168d26cb00bcb.js]
[js.rbxcdn.com/f45b8c467af1190c1a1ad2fb9fe325973060e833d3e97e8fe41f7962c6aa0765.js]
[js.rbxcdn.com/b28b3143bebe96533ac669e8866d8ba43b48c920e4fa8f5e6e049b5ade058f6a.js]
[js.rbxcdn.com/452c853196dbf4a044392ecb0d88d3ae0601724059c63ab66b81d6a709fdee0a.js]
[js.rbxcdn.com/dbc155ac8f761e3c09355409c7b8b0df290ec546b32dbe0b3a48b7f97a3d60c4.js]
[js.rbxcdn.com/373913256d06b51cfa6d04cc1a1c6ce5435dafc5ba414e7b49ea2f3275792fc2.js]
[js.rbxcdn.com/33f0f511f9c871e1576cf0539114c7f2d7cdf550b6a4fb675487f23eff53f5f3.js]
[js.rbxcdn.com/cd402526f7b31645196f4011ade64e616e35e194829031c41dbf746fb873a236.js]
[www.roblox.com/vi/login.html]
[js.rbxcdn.com/0c0a47eb77359a74a9df5fe36fb5ccce.js]
[js.rbxcdn.com/bed461cfe0fe307ce031266b6a595880.js]
[js.rbxcdn.com/0daebb10ea958a9e965569264431f675cce7d66d23bb4cc60df64aeaf2f4b608.js]
[js.rbxcdn.com/515419cfdaf3c736869765fbb163d7486db14494fa5c7e8cded0093c59129860.js]
[js.rbxcdn.com/15d40af888245e774519db854448722d73081cbcd47e1ca3271ff42ca2855fc6.js]
[js.rbxcdn.com/c8268c2d624d1e5b7270487529773e5f8122af4d4e422ba2ce571074a2041556.js]
[js.rbxcdn.com/60a6e45ffc350f6c2e2e335e920a86430b79e50116db7ce36abb8ea093054c93.js]
[js.rbxcdn.com/bc61cf80a676fc253151f52480405871891d50f28299c2208776a0d8dc02579f.js]
[js.rbxcdn.com/e1f8cf6c35449758c29b9717665d0acef7fed0f0075a54943889e3968e4a53a5.js]
[js.rbxcdn.com/9441fc65a8bbebb3ac7980ba470ccdddef78f555dee09399b89e2487d7538303.js]
[js.rbxcdn.com/c298823f8cd6b13a109d65e6d10139fdf7b4bbe84f53925a38f04648c9c4a15f.js]
[js.rbxcdn.com/ff43873338dbac0d37f082bb2e2aeed2c65b0bcef8908b974a59d5b40f58f9e0.js]
[js.rbxcdn.com/e8e5f74c07bb5f8b3c6eae19b6ec37a3617113772b3568a613c4fbd4f11e219a.js]
[js.rbxcdn.com/7a5550491391e4960150d86e54dfe752fd72a3eb642110f9a62e602ebd364bb6.js]
[js.rbxcdn.com/74fe12b94748bc524d36e1faa352d333434c095746a8ad577b358acb53297da8.js]
[js.rbxcdn.com/6f8cf16baa3dd1da5c60c90106b7b5ee8e311a8eb0ffbaa69671b519080e6385.js]
[js.rbxcdn.com/b09c27e25cd939fa1c9dcb7cf2f4f9aee2c0dd3f7aaff92adf5c33914297369f.js]
[js.rbxcdn.com/859fd3b087215b62114715437b5c8a1d2b025f3af36863d12442e1a31460df1b.js]
[js.rbxcdn.com/ce54a3f92d68ab18a34db79b4bc04131fcd710fb4f64f0158eea30243ba3ca6a.js]
[js.rbxcdn.com/dab78e1dbb34aa41ad99c039c783a2cb33f3b2da9333de67f1f88a25592113ec.js]
[js.rbxcdn.com/bc97d301c54a90b7cb68a3355dedb808288c577d58e1f95f1ba1518013c7dcb7.js]
[js.rbxcdn.com/e480d406511731f2e971e253cfcadcf4cd2e6e0925c70b0a1b577fcb60270bf8.js]
[js.rbxcdn.com/b27019cdef077eca246c759044f8795519be07c08bb29874bda12a9b081f429a.js]
[js.rbxcdn.com/2825479b965f933bd3d5d599a25ccfa6d65e21017ab9be5fa6dfb522b3888d12.js]
[js.rbxcdn.com/ee30dd0b34a6489161cce6c9fcf83980e022b2a4fc8a15b6ec54c5b3c9c3c839.js]
[js.rbxcdn.com/a90dff740de806d73554664bc45837addadc3b24454847f890a4233668f9f93e.js]
[js.rbxcdn.com/1642e80071272eda171b12caebdceba61bdb59024c551e8775c92460a2e67a93.js]
[js.rbxcdn.com/930d5884fede86b6849c543618a48c4bd3812867cfeff7bc33af54faebaed496.js]
[js.rbxcdn.com/098f22f75fa14832a0f231ff0108a669dc15bb5197361e6c4a5682ad794a424e.js]
[js.rbxcdn.com/bc9b0d43828a983fdbb0a20ba2573ab702e6e403c5f71ddafcf1fbb757ee06f9.js]
[js.rbxcdn.com/1d9889f29444edfec6f338b3954f67fcc439fe65694db97eceef0b201b267e7a.js]
[js.rbxcdn.com/26636ce4aa1a840341bc0ed9a9be9a035f500416b272a56e4919b96b3f99bef5.js]
[js.rbxcdn.com/d0dee6651c809a57b02a2a8652042664059d483a85ce30246a7a746c3ac7309f.js]
[js.rbxcdn.com/c10f08dcc91b9db65dbc85e1b6414ec76c044113d03e712ac382b73026f0abfd.js]
[js.rbxcdn.com/7fa83a82252001e34199fa7f10265169a7455edd0ee01e32e1e02c55f8c9cf0a.js]
[js.rbxcdn.com/78d19640fdfd9354ebfa0ca0d2c180cdb23f0c3a02f60a668c0a4c2e46d2d67b.js]
[js.rbxcdn.com/55f50695272a06cf09ff1308a910660b71dd88401f4311461c249fbf1afcf063.js]
[js.rbxcdn.com/f698cc660f248c11ccae3b72cc18b94a11262533f6d6d92ac437b3525246119a.js]
[js.rbxcdn.com/d2e6498c9d7eae2c13ecaf905789c819975032c74e1a8547fa3aa66993dc8c4b.js]
[js.rbxcdn.com/731d691a1d70d51645687ee591b83753616e005ef5d8d06841071bfd92583e5b.js]
[js.rbxcdn.com/8b47f71c93c4b440dd51b1c7a07c0f55e54ad5909dcf3bf9e30fea6837a00af0.js]
[js.rbxcdn.com/9232465dd347bea5b6b9ed89c444136a3d1e554b2864c77dee5efccd102bce5a.js]
[js.rbxcdn.com/8ecb0f6b36936e21aa0a6673d95bacd691258b74b93a1ef0c2f81afade8e5137.js]
[js.rbxcdn.com/479d326ed93f04fa6550cd411fe17d95e8c53e8ac3b8ba9ce0fb50ccb71d6438.js]
[js.rbxcdn.com/1c8d1e93855c3e3e701b64a3fd9a3d57e7b1b032ccd22014697940e695ce4fb0.js]
[js.rbxcdn.com/b82c108ae6ca36e3edf930e0d7e81d88149e3cc7e0dd73134dc0b5b35df7e9c5.js]
[js.rbxcdn.com/b1fd6596a70e826827e4915c59569fec44a64e4db01c33ab644f0d95a8e5ae34.js]
[js.rbxcdn.com/304b4275c9c96130bb6a41d5dc0a04bdd9ab4023a3bc4c6e0c5f212af73fd9eb.js]
[js.rbxcdn.com/e337d7aee80ceb813aa2d6f87ef36095fa2e606ef31e81c70ea1ea084cbc4068.js]
[js.rbxcdn.com/a0c6af2bc28b4c1ea6aef2d9c014667bf11e48e31dd488a87ecd4767f3fdda81.js]
[js.rbxcdn.com/26adbc0ae8223c3df03d885a3cf4433482264cb421c5ef107f6782bf82097302.js]
[js.rbxcdn.com/9baa9fc8fe31da021a358395c55b673bdd6e3ae61d595f453371a0bd9e295462.js]
[js.rbxcdn.com/230e6cbb56c8b9a55962e4b87ad6d1775c5e243783dcd769084b51caf4238765.js]
[js.rbxcdn.com/dfa1af162c201ccd3a5ccd1c6a62987701a9d36de7b425fd42e50745d506368b.js]
[js.rbxcdn.com/e63e0d8080e7029ba2360dbda4a873672818caa31222982381b0115ddfca3312.js]
[js.rbxcdn.com/51edda4e698dc7d74e5b9ddd0299a9127aafc977a26692752ad856d7e0356fd3.js]
[js.rbxcdn.com/f13b4cf5d8dfba688b0ca0e08ced43a8880529d53675141c91b3e20dc60d7bff.js]
[js.rbxcdn.com/b02f34f82d596b8f5a45a69e3fcd30f1a8d36491bbbd5c05f7e4bcdd7643bee2.js]
[js.rbxcdn.com/26ec69e1ef5133af3431699d01a9e5274c642b53c5af293d5323a7f8970517f6.js]
[www.roblox.com/ar/login.html]
[js.rbxcdn.com/c7bf720ef24d8c7f21b226930a631a60.js]
[js.rbxcdn.com/71d0a8071c4c7d03ddb4345c82c942fe.js]
[js.rbxcdn.com/93fdfe762974187aa7dc1aac4ef7849514d181971dbd8ec11da9ac4cebc11b98.js]
[js.rbxcdn.com/6f12d2432fb2dbf4b2bdc5a0d9f504a1eef033a3f664a1bfb387d2b2a7550c5e.js]
[js.rbxcdn.com/6adab2bbaf0cde9b481d54ae99c00a49b7250e6acb61c8b317b7c6a55d9ee9d2.js]
[js.rbxcdn.com/583a36cd71efc176818c55b5cddd97e27f0524224cc6cfa357d760813bf1e6bb.js]
[js.rbxcdn.com/0fd1f6ce391a29fada481fbcf46f7d0618f64d9454704b0f242fafd4c6526213.js]
[js.rbxcdn.com/2138b306493c74eba22259ceffbfd347bcda678c37bca1718b3e64d44e69a032.js]
[js.rbxcdn.com/46b873a4efa4b97b0e894a1ef244b78a6b6cf7fe0e2a9a9bba6a1fa96326a715.js]
[js.rbxcdn.com/8b85368e25766c4173edb87e7efcec9cc7c414f226af50a6e529206822889a4c.js]
[js.rbxcdn.com/18f556c31ad0b29650435c8548ee13f6c3ab11ed610f09f5fd738f1639d9a7ed.js]
[js.rbxcdn.com/4b58cbf7bfa53d2f8425af4229969aa3317d4a091aa088249b113a481331ff7f.js]
[js.rbxcdn.com/8051563f1e0893d153e1416ac5bd97c49283339c354a261c7c6ebd82689a31b8.js]
[js.rbxcdn.com/096e440c3cd4a8d4a465d967afe2e5c2b290110a859e8eec686bf3cc5d0933b8.js]
[js.rbxcdn.com/d8622281d80df2378cf6d9b21ea45afc7b73eeb96b6a2f706b9addca8a3ff785.js]
[js.rbxcdn.com/94e31062c4b9189bf365b9395b985000587e27f63e4e9edc93d150ce2ed90fae.js]
[js.rbxcdn.com/6aefba0e20d424858ca197b8a7975cc37fb8723a22acd249f747e64aef0b8a26.js]
[js.rbxcdn.com/e4d5700c483cbc03829e70a441b03d54f67ef868652579398bb411901bfa54b0.js]
[js.rbxcdn.com/3a394eb6dde3c659efc4454005795c5c4dc5b7e312df7bdefd5ca4b621922f50.js]
[js.rbxcdn.com/ad5a078ef45ef44cc7c2e4eec44dddd043836f17f7cd54cf3b93ee513d967ded.js]
[js.rbxcdn.com/95d4e1976b3549372856d5bba0acb5f76f4025c7cad3c821a93a60b0892eb0ae.js]
[js.rbxcdn.com/da97f0520244f0f76ff1795947413aa3c01d302ae04a1fa1675e1e9403f1c050.js]
[js.rbxcdn.com/dc27260f5413054ff982c8ccfa0ce8fb757b44b00e79b8cd97826b406a22e03b.js]
[js.rbxcdn.com/70658a01b0959a5332278096dbc83d47e7ff1915664e7546925798a2a7c3e46d.js]
[js.rbxcdn.com/0fdd6e00ccaf9acc152de5dc56177d32504caa35a05ac39ef24ac79a5b9fa996.js]
[js.rbxcdn.com/8b9cf2af55cc61c63b08529313d3d30432a6bf5644b64f1ff1482b103455c5e1.js]
[js.rbxcdn.com/d0fa66c3753f8100fa5a13bf1a2b6f8405076c57d06d3cc76e233d3d9f692df3.js]
[js.rbxcdn.com/f7fd4f1e89f36c02eef4550bfc1c6dbb7babceea41f0d037c0fd3d6ce00c8a5e.js]
[js.rbxcdn.com/f9a9413ef4beb548ff0db787f4c11c1a056471cadf21050ea34567c63501483d.js]
[js.rbxcdn.com/64199baf02a95b1bc77dc15f2ba666fe374d124076921e61127ad50c836429af.js]
[js.rbxcdn.com/bd536abafd5ea56da6558aca0349da46782e4621daa11b48c895dc7b255d1946.js]
[js.rbxcdn.com/c4bfd1672872b8eff701711025c49f786075c74ace4596e720eb05a0a98ea858.js]
[js.rbxcdn.com/9843a3f6a8ab06d26132375b5c279aa9ba68ce8667b4d60faed37dabf018e603.js]
[js.rbxcdn.com/7349f5cd63b1d5d194b3fa8d271ab921e05a02db741067df30f7ce2963bbf30a.js]
[js.rbxcdn.com/0a051e240754e3e4976f12432d6828446b60091175e568226d3d0a6fffc2cab7.js]
[js.rbxcdn.com/fc846383b85b9c4354667963c4ccce58956b3c0fc2b288aa3350775e246486b4.js]
[js.rbxcdn.com/f97243ce96f0aefbc12922a0d6eacbb07b77363f341e9301c6c4d7a26ec4369d.js]
[js.rbxcdn.com/52e46b6a211065416b9100e08ec6b890f4ae3dffa7fabf9ad118387d966256c1.js]
[js.rbxcdn.com/67a092d7debea7f2aaa580786f052140a2f7f98ce37cfcceb8b35af002e18ae6.js]
[js.rbxcdn.com/bd618867e7b60b479d80fe00835a393886e408b9aa77b6be8c5a301aa6afa8ff.js]
[js.rbxcdn.com/988f318d67f8fda9b571c558fe41682a48b21f6cc378c3cd13c025e68ab3db0f.js]
[js.rbxcdn.com/3a5ada4a92d46ed32234427c6bd9c4b060222f7d985a4c1c33484134e4492b0d.js]
[js.rbxcdn.com/0b63f5c662750abbb4f12c7906c54a8410420d91132782dbb3c2169adac17a5f.js]
[js.rbxcdn.com/aaf735224dfe5c003209aa8a9bf78ea5bc5b53565c7f756fafe9ee75abf4abfe.js]
[js.rbxcdn.com/d9e70592ab9009f807f5bb8576e937d76fde3937563445f8ab7b8bafe87a5db7.js]
[js.rbxcdn.com/2d16e8107090037b60fa61152ee9bf2531a47570e660b226dd7739e9cabeb8df.js]
[js.rbxcdn.com/8836b9553fc51329a2902b57470e3266e2f4acbf70d3169f76a123ac571123e7.js]
[js.rbxcdn.com/925250b87b6ca5573a03f67cf5c7a5e7ce35c5382dd3f655aa5e6f65b1914c15.js]
[js.rbxcdn.com/0dcb2007e7c43d1f968d9a8a62d4259114c77a7418967dd906e7099fda0f4f3a.js]
[js.rbxcdn.com/194cf8033bdd71b6885dfcbd5fc743fa9087277ca38c10675a4915d84e49d06a.js]
[js.rbxcdn.com/259ad1acd2fbe5c818fed8c784ef527e481ab90281c95cf24486c7eca9c4b433.js]
[js.rbxcdn.com/265b99b7c1cebd8409b23eb636b042364bc5b6baa2f51216aff24157ceb0ff24.js]
[js.rbxcdn.com/0c686bb3988957374d50dbed017a0cd5f8682b4d09ae5fb19b4dfe2b62af0994.js]
[js.rbxcdn.com/9435e16049bda43b30f88dfef42309e50c27e297f54cddd916ddf060ef313f87.js]
[js.rbxcdn.com/1abebe5037b4fff35729d00b461d8ab79efde41892d758f457a36b8cd7ddcf37.js]
[js.rbxcdn.com/8fc5737a275e1e5c1f76be2b190ca24fce0a6a4538e93b737da205797e3d3a41.js]
[js.rbxcdn.com/12f8cd6b637719c931de8afd38d2c74d79deeeea2f354d3113946b4bc8209611.js]
[js.rbxcdn.com/c3e55cddffa01e486bc0d43614748c2c81d6ffe22e2ace9bc73465e924d4a0ac.js]
[js.rbxcdn.com/ee7b8914e2ae6126864dfd109cccdaf9939dea88a30182d7c5f0c66fd9b2c87c.js]
[www.roblox.com/hi/login.html]
[js.rbxcdn.com/a90bcbd266a15f5cca3b6ef58ca5b6c6.js]
[images.rbxcdn.com/fa01f08ee09b83c8eec048b6add6c6b4-new-parent-email-dark.png]
[css.rbxcdn.com/2152a305a6a0a3d5a56e402aa4e3e9db865ff7bfa813e7b7ad780bf9876b5cc4-AccessManagementUpsellV2.css]
[images.rbxcdn.com/97ece22f2b7d710a8d25196c871af810-lock.png]
[css.rbxcdn.com/07d73a0fe62fadd30d32d50e667e7d6b62ca192cd258a1c3340cb262de401d72.css]
[css.rbxcdn.com/65a98f51e494ef823bbcdccfd97ba50d15193236fe88f1edccb9ab3383c51b37-AccountSelector.css]
[css.rbxcdn.com/bc960ab1460ffb77f7d3e4cfd68381d1ee9ed8e96a02991524ee01d72532d365-Captcha.css]
[css.rbxcdn.com/4b5dce375cef78073d2192583d1ecd458f10c308fa99847d649d5ec801bebd61.css]
[images.rbxcdn.com/4c2bf88e0f2ba7d36de691e4b3113ffb-classind_16.png]
[css.rbxcdn.com/16b92a3de16d33e0105f44992487b8e2e7ea9533de87bac5973caff3abd83a68-ReactLogin.css]
[css.rbxcdn.com/3c4bd9b17b9020d9ebc87d4542a68a949a9de6150a55a92f0e65514520ee777e-ItemPurchaseUpsell.css]
[images.rbxcdn.com/1081a7ee689c21130c51515c4f404fb9-moneystack.png]
[css.rbxcdn.com/344ef49ef21d7c83c962928f052ca934f16efd9d21d8ce7709a8b72cf1461266-ItemPurchase.css]
[images.rbxcdn.com/1bcca464c2031dbd7afc2f89aef781da-shield.png]
[css.rbxcdn.com/37b5bc69ed67ee094c95e908d68d809c55c28ab8f34ed714a7541f1f5eeacfa6-IdVerification.css]
[css.rbxcdn.com/d45e200658a1343116bbf4a88c367d093758085e7d001918d641c85b2143468f-AccessManagementUpsell.css]
[css.rbxcdn.com/4806bac3d36a384ebcf7cd0da6c34786b66ca961cc084daee7995125cc08b7f1-GameLaunch.css]
[css.rbxcdn.com/d5a3728b78be729b693aadf79a1f45f0fa49c15fe863a0d7dd631b75f9e82207.css]
[ecsv2.roblox.com/www/e.png]
[www.roblox.com/de/charts.html]
[www.roblox.com/es/charts.html]
[www.roblox.com/fr/charts.html]
[www.roblox.com/id/charts.html]
[www.roblox.com/it/charts.html]
[www.roblox.com/ja/charts.html]
[www.roblox.com/ko/charts.html]
[www.roblox.com/pl/charts.html]
[www.roblox.com/pt/charts.html]
[www.roblox.com/th/charts.html]
[www.roblox.com/tr/charts.html]
[www.roblox.com/vi/charts.html]
[www.roblox.com/ar/charts.html]
[css.rbxcdn.com/ced5b3fc600e5b0a93b3e566eb4faf14bab2148541ee220ff827c35d03e9d171.css]
[www.roblox.com/hi/charts.html]
[css.rbxcdn.com/2b6e5137920c31aa6bedf6df1571a9b000c5c83fc6199e0e6c5687dad0819642-GameCarousel.css]
[js.rbxcdn.com/878f2bc61e06223b652564236bdb4e04.js]
[js.rbxcdn.com/0782d6b419440e70332b84079e91e64da7f65e31c63b55108b75303ff13d98bc.js]
[js.rbxcdn.com/7900f41d7ecf81f51614b16658e0402590a077abde9aa1a55c59f810c50bbcfe.js]
[js.rbxcdn.com/2be0a71318421d6e4b83efa528020c18fc9ab7785717aa980765f3c1b9a23246-GameCarousel.js]
[js.rbxcdn.com/7774e92ccee60b92717e18209b9060b35988362a9493cadb5234c96550e27d90.js]
[js.rbxcdn.com/c6bc77be946ede0703afd3fbc626a5d9684f4cedd8151300b70e33d0dd216b0b.js]
[js.rbxcdn.com/d9e2cc1a71672de17f0519b0c07d83dc4ceca8fe67bb6b6ecda54b7aade353eb.js]
[www.roblox.com/charts.html]
[js.rbxcdn.com/aaec993b670cc33565aa8b3ecc0edbb3.js]
[www.roblox.com/de/catalog.html]
[www.roblox.com/es/catalog.html]
[www.roblox.com/fr/catalog.html]
[www.roblox.com/id/catalog.html]
[www.roblox.com/it/catalog.html]
[www.roblox.com/ja/catalog.html]
[www.roblox.com/ko/catalog.html]
[www.roblox.com/pl/catalog.html]
[www.roblox.com/pt/catalog.html]
[www.roblox.com/th/catalog.html]
[www.roblox.com/tr/catalog.html]
[www.roblox.com/vi/catalog.html]
[www.roblox.com/ar/catalog.html]
[www.roblox.com/hi/catalog.html]
[css.rbxcdn.com/c0245b86765ac0cd9330317ef142266c24e97d94e5515b35460990b68100e6c0.css]
[css.rbxcdn.com/ef7b4a88bb8dea337dc67c44b54b50346417efd21f02ff747b4544f923beeaae-Catalog.css]
[js.rbxcdn.com/abb9c8358ac0048fa143b1dc25c53a709bb073c89bd9a18e7b772776cb3ee0f0.js]
[js.rbxcdn.com/966e7d62281fb04569c27fc1c68ae404d0d2385ecc1ed3ceb532bd1623012fb9.js]
[js.rbxcdn.com/d9cfa9e72eb42d219a9e492c649694567e744c0304480b47ca882c688ad56248-AxAnalyticsService.js]
[js.rbxcdn.com/6dad7c86d4d0c9fed4d6a5bda44d5cbdef3c122e0b00b6c8105c421129b63b15-Catalog.js]
[js.rbxcdn.com/125b3f6b0431b04c3f822dd40ac37548134c9f3443a2e1d39c6009115ffa7d16.js]
[js.rbxcdn.com/90bb51db086699ec26a6c9df04087678948883f8c3ddd1037c7223a20ff4fe90.js]
[www.roblox.com/catalog.html]
[js.rbxcdn.com/cdc2c83b12dab7084e6ff39fda65d549.js]
[js.rbxcdn.com/9d135ac586ef70a6613385934fec2bfdefab8e6bb755c9d637332d023f2c311c.js]
[js.rbxcdn.com/5d3e15a143bb571e5474ef21d29fd3ea22f8a0908da27cdf3e167f891976c858.js]
[js.rbxcdn.com/19ca38660f3b5b89599afe46e6b05795e9f79ca47013fe8e244f9b1b6f2787a0.js]
[js.rbxcdn.com/06cadf8416113a6a0b3bb5aaa4f17372ea5108367ca022b51dd11703d13e0144.js]
[js.rbxcdn.com/8d06156e69dc5cb34964b4c9d140ab1f57a5ae6de3d6548dd282a7f123505289.js]
[js.rbxcdn.com/e84e6cc193cd7a92ac8c612329631076089c06f4c4271d78a6ae840000f60660.js]
[js.rbxcdn.com/d012086cf1f4eec03b5c53a35b5e2f9cffddf1ef5deedda415a24e0c33aba4fe.js]
[js.rbxcdn.com/f69f481191ec74c3a87035c43d4430011afaf4635e57187f7aaa90138988d3ac.js]
[www.roblox.com/de/charts.html]
[js.rbxcdn.com/82d9997b54f39c362a908b305fcdbd4f.js]
[js.rbxcdn.com/11d01e5b93c4b8e0bce257d5645d2729ec71bf0d668d9bd7605c8dfb69524c04.js]
[js.rbxcdn.com/3843dc8076010ecb37a6c0353da2b8160c2522908a4deb5246a859355cbc91e3.js]
[js.rbxcdn.com/e2588fb86bfa02cb7e2d5f2eb234a5e286a9af8f6feb1f15983a90797983dfd9.js]
[js.rbxcdn.com/1443466d20d0c6b43d84ca939182c008454be8e81f2075fb67ee670da67bdd5e.js]
[www.roblox.com/es/charts.html]
[js.rbxcdn.com/97ac51fb54b06aaca9d8b80a9305e886.js]
[js.rbxcdn.com/530446a9dc8ab6a8c941f13e949a498226ea4b575b2dc9b3ddff74724a3d620d.js]
[js.rbxcdn.com/7b2d3e35bc2b4c7f00f60b3d931caed404d75462999f66d599aeeb8ce5707682.js]
[js.rbxcdn.com/bcd268e3cf9eaef9615dd8ab1766bd0894c433b945c45f225fa3533e362d4215.js]
[js.rbxcdn.com/f86c9d8ca9d1737a7afc86b709d8ef90d9303a517e2e76b7b53668c652b088e3.js]
[www.roblox.com/fr/charts.html]
[js.rbxcdn.com/e4624650f3a1ab9309f26b83ad0106a6.js]
[js.rbxcdn.com/f6d818f74a4805451a091b850b2f956f8d796304e9973c4966e0c481a7892ee6.js]
[js.rbxcdn.com/55b3a3cef0a9db7fd97a7e7eb852dd9dc94b05a63f14fbcc8fd4199366426f7c.js]
[js.rbxcdn.com/f1a5b1e26d1791f7174ae09466667bd9ff365020ca7e38ac1a808fe6929e1a75.js]
[js.rbxcdn.com/7f3e0350cf2dd31ace39b036fad384b9cbb6fad6f4069b019e2660c5e6a107a1.js]
[www.roblox.com/id/charts.html]
[js.rbxcdn.com/8fcc547883a01ca6296baede32264e86.js]
[js.rbxcdn.com/00f2c27f459ae8c25947a0fdd6f46446bdeccf47ccd231b104656cf3b682e010.js]
[js.rbxcdn.com/d911249873ff56db5b474f1e0790046ac93ab8b5f685f8fe7c3ba8468d16e744.js]
[js.rbxcdn.com/98747cc501d0c68d2905f31a8e9f09c169502858880cdfc0048e4ad011fb24a5.js]
[js.rbxcdn.com/d4e7f2536c313fe39ea1c8b344843238eb2ea9e36ba3cfb8abdd1f8c8cade08a.js]
[www.roblox.com/it/charts.html]
[js.rbxcdn.com/3a382670239fba5daf19e23b748a529a.js]
[js.rbxcdn.com/8c0a7c4d44457045c493bfabd3cdb3bc1cd9c87509c26b730a6b76ecf8c9881f.js]
[js.rbxcdn.com/e83a5ba08205788197148089b1b998ef19b02e5b6e9a8962707cc8ad1410f5c8.js]
[js.rbxcdn.com/523ac78a49371802d34fc7e44461cd94c64ea0c06d1a4ac7cd32bdc14e2225bb.js]
[js.rbxcdn.com/f8e50edf1b6103ff22665c4b3827fc947c18b6cf0796e2c12191b56f1d5a4b84.js]
[www.roblox.com/ja/charts.html]
[js.rbxcdn.com/5dc3979cab7c3cc3295caec0ffec031d.js]
[js.rbxcdn.com/3c4d89938d5cff7cd854c0a995fbbda19df1f73ae651286d7f1d901e24943472.js]
[js.rbxcdn.com/5d40379fd46fa809633ad66236dfa3733993967c2b80c37a0c442134104e3084.js]
[js.rbxcdn.com/f23e77c59d9f1e6547dd67522abd7f32849c9f0f09cdc6108f86b517ce09b7de.js]
[js.rbxcdn.com/a2c1c989f6aae5cee1bec47d42367aa46eddd2bb4316a9f82f3bc45698323809.js]
[www.roblox.com/ko/charts.html]
[js.rbxcdn.com/ac9a948dc7827880d126fb22d70b30db.js]
[js.rbxcdn.com/f81a49a5df74a80e3c72ad672a4553d608d5d7e9153b5804f9afaa46ddc77f8a.js]
[js.rbxcdn.com/cad097a94a1216feac84b81b8937081ddd32e483ecf8cb51a79e1c2a1eaf853e.js]
[js.rbxcdn.com/0c6c5d237bc8d56a54529ffadd20896d37ff1df7359a227d015c04cb432bcab1.js]
[js.rbxcdn.com/ce40fff1e929d2786ed02ec61e435283fb9d8087402f9dff1d193c92d1732df7.js]
[www.roblox.com/pl/charts.html]
[js.rbxcdn.com/4e622ed5159a1166eb453be8e7a2bf28.js]
[js.rbxcdn.com/68b7cb9c363e8a14994635066b799fec7f29eda101d8a0748b72dd36f193e961.js]
[js.rbxcdn.com/66111a2d18c12de922e011ce2b78e71b316438731af521c696f500bc153cc133.js]
[js.rbxcdn.com/2bb4c02c3615711b1d1b83df7663e770b14e3643339838cd5edd8ac2af25379c.js]
[js.rbxcdn.com/9a7ba96e7bbba3da06e71f202ccd52938a9b84e34a9b575dbd4119dc5edbe6f1.js]
[www.roblox.com/pt/charts.html]
[js.rbxcdn.com/a1569fa50b261a2ac1a6fb4fc61f944d.js]
[js.rbxcdn.com/5e1ff9dfec1515f3ff7671876366ccf3714b62b5d128e2b782c7fb018d62e0b6.js]
[js.rbxcdn.com/d341ff1f49d696ea1239768d36139416e88f8ac24bf5d5f218937ee62d7744b6.js]
[js.rbxcdn.com/435ddbdc01a5a16865511003271ab9c1135321e1f1292dd00a98d9d8e9b20640.js]
[js.rbxcdn.com/a53159e049073b38ba9b4f22ff448661ec064e808c87bbbc883ae9e17da3a87d.js]
[www.roblox.com/th/charts.html]
[js.rbxcdn.com/fbf4edb4ed5a1ca6b0713796310b29cf.js]
[js.rbxcdn.com/23d5703f81030505fc568e72c5901a0186196306e6203ba22e3d734121c17919.js]
[js.rbxcdn.com/7c04870684c0b22a98139440d7ac012a49f30dfb9004b3a9f17cb4269786bbfb.js]
[js.rbxcdn.com/7263008a954bf9269c0bfc7d43ddb5177f638dc59c28e14172850c451e311e53.js]
[js.rbxcdn.com/620e455fbcc4bb1512281be0b14521176f6c07925bbd0dd19ed29435d2948319.js]
[www.roblox.com/tr/charts.html]
[js.rbxcdn.com/23461f68afcadaf9b8df25a5fd640ac2.js]
[js.rbxcdn.com/060d479157f30994159b796a96d7372712b30294a081c6fbcb5f11da44869473.js]
[js.rbxcdn.com/fc97ceda489c5e4447ea4aa08b7db39483997e785b803cb81e2ecccc447a35d4.js]
[js.rbxcdn.com/5a85282e9df57ae44120fc93942325b3dd118d4416575bea4b8a01209c488410.js]
[js.rbxcdn.com/c376d8a5cca644a33852cc1b7158cf3e72e03237ed6438536aa0f39ae219283b.js]
[www.roblox.com/vi/charts.html]
[js.rbxcdn.com/8a8a886539fc18daf2d9d7d1bcb850a2.js]
[js.rbxcdn.com/8463ea9e080eef0f3aae68538935a1008dfe3667a308b7a06cbad21bcc65ef48.js]
[js.rbxcdn.com/059b66239f479fd80bdb527bc80615f2a9dd60dd064435552a2d20f9fa15edbc.js]
[js.rbxcdn.com/b998fc8b018fb88e0e4837ee91ae1881ac5f6ad19fd486b58fb2ff80d15cd45a.js]
[js.rbxcdn.com/71f9368e314b62e6d75e64de086f82b1b210176da8805cb58a0cbfcf9579b2a1.js]
[www.roblox.com/ar/charts.html]
[js.rbxcdn.com/b62bf849cba347463c931b835b2918fa.js]
[js.rbxcdn.com/41a227da8980654a782608f7040741e2f7e84344bbd941f9d1519d43a8a8dcfc.js]
[js.rbxcdn.com/96305d986e2a75540cd0e50ec82104e69a3ad1f0bed406ded8af4dcfd3c7a7ab.js]
[js.rbxcdn.com/9ca4f8ad14288fa511fa5ac35f6c7f1c9900564bea98d98e205075838911d53c.js]
[js.rbxcdn.com/bad9aef2e0157b8110885549b11708507515bf0c61e8985de8f961d4bf5a3e28.js]
[www.roblox.com/hi/charts.html]
[css.rbxcdn.com/ced5b3fc600e5b0a93b3e566eb4faf14bab2148541ee220ff827c35d03e9d171.css]
[css.rbxcdn.com/2b6e5137920c31aa6bedf6df1571a9b000c5c83fc6199e0e6c5687dad0819642-GameCarousel.css]
[js.rbxcdn.com/d4345c8ab5a6a74460e8b06e113567bb.js]
[js.rbxcdn.com/4fc5d38ede0181aabfeacb8cda262752f10abeb9054ba3f6773353cf766be2e6.js]
[js.rbxcdn.com/005ecafe21d679863cccc52ed8c347928ca46751e60990358561bd3121e5c419.js]
[www.roblox.com/de/catalog.html]
[js.rbxcdn.com/9b54700c8ec04597ea5af2910cc78161.js]
[js.rbxcdn.com/cc709162d2e91e4d7826020e3db28b8b61772f4210ce435e9e090abf587a5208.js]
[www.roblox.com/es/catalog.html]
[js.rbxcdn.com/0209a8ce1bd14dd268f56294d2a982a1.js]
[js.rbxcdn.com/28a12a8d4856c95485680265ec6556b24d1dd8a17a7cfe95b95a9801950bc04d.js]
[www.roblox.com/fr/catalog.html]
[js.rbxcdn.com/9e123335c4b622aa3834c295e051c607.js]
[js.rbxcdn.com/47c2060edb1cf4dc7edca1295b8906f5779abb3dfa02e5c52a79d882ab72d6ff.js]
[www.roblox.com/id/catalog.html]
[js.rbxcdn.com/e6f5562dcdc8203a5078a0fcc6e3e1df.js]
[js.rbxcdn.com/e1f98a0e4630a22ffb811668a51c2d822544afe5dcdea2267d6bd6cfc4ee0293.js]
[www.roblox.com/it/catalog.html]
[js.rbxcdn.com/8bdb78ef61789226ce54f00f4798c987.js]
[js.rbxcdn.com/98e8fd5fcf27f2605dc3bdcccea69d6aaf39249b41574d0064d07e3eb1743052.js]
[www.roblox.com/ja/catalog.html]
[js.rbxcdn.com/ab058cb7edb7d4fa77766f5900e6a1f0.js]
[js.rbxcdn.com/b4757356cb6ca66526f0ae29ce19d423339a2984f1ae70d607669347b0fa01b8.js]
[www.roblox.com/ko/catalog.html]
[js.rbxcdn.com/8a10b13c0dbe664a272a68bf8caa42fc.js]
[js.rbxcdn.com/8fdf43e11fceccd65530dfb8cb796b8fe48bf0d2f595ea6daecabff0a6495166.js]
[www.roblox.com/pl/catalog.html]
[js.rbxcdn.com/81390bcd9c5ebdefca37a9b3aadb2d30.js]
[js.rbxcdn.com/7c40a1442d97e1c41273d1a71e53c1efca3024580b7db3f6294b2510e3fc99b9.js]
[www.roblox.com/pt/catalog.html]
[js.rbxcdn.com/96768601da46af2cf2952921ebf39e46.js]
[js.rbxcdn.com/9cab3f45d977e8e47101e8e000414a0915d837fd8cb6f550a88e87f55f17f5d4.js]
[www.roblox.com/th/catalog.html]
[js.rbxcdn.com/81cd17949e5da07e6a5e7a251d454dd5.js]
[js.rbxcdn.com/4e93e206938df5a68648299a229d4835a46f2cab644f0817ad89ae4fe492230f.js]
[www.roblox.com/tr/catalog.html]
[js.rbxcdn.com/ba41ae9d278e3109ca5fedd4b0691fa0.js]
[js.rbxcdn.com/30530e15b2db79c1f058b02d998ff28073c59502da75d17df3fa8baa8b088245.js]
[www.roblox.com/vi/catalog.html]
[js.rbxcdn.com/7b814d69e488e88777b274f9fba085a7.js]
[js.rbxcdn.com/b8815a624925010fbeeb98fae7452126437af14f8ee971fe8193f5ea12340759.js]
[www.roblox.com/ar/catalog.html]
[js.rbxcdn.com/d151e69046a1fd49c602066176b92b0f.js]
[js.rbxcdn.com/dda5c7224a470b120d9216551def61b09ebb3c5e08f617e5c45e47b31255046f.js]
[www.roblox.com/hi/catalog.html]
[css.rbxcdn.com/c0245b86765ac0cd9330317ef142266c24e97d94e5515b35460990b68100e6c0.css]
[js.rbxcdn.com/0073ebecda73f50d25ce9dab4b42c612.js]
[images.rbxcdn.com/9ab81b050dfa397c7183a38a4f57b066-TopUpRobux.png]
[css.rbxcdn.com/ef7b4a88bb8dea337dc67c44b54b50346417efd21f02ff747b4544f923beeaae-Catalog.css]
